requester,requested
#2GG9JCCRR,#RCYQYPLG
#YU9C2UGL,#8YRYV80
#2L9VVLUR,#2QQCULG2V
#G029CV9G,#8R2JCGPC
#LRUQQPVU,#20JV0JLGQ
#VQJ9UUP,#2PUR2R89L
#2RQ89029J,#2VRYG0GQJ
#88C9PLVYL,#JLCJCUPJ
#VPC9RRQ,#2LVQ2R
#2U02YVYVU,#PP2GQ88U
#20P8LJPU9,#9CJP9GRY
#28QV090VL,#VGR9CL0G
#8ULGU0QG9,#RPRL02JQ
#2V9LQ2YUG,#8UYC22989
#2GG9JCCRR,#80UL9QQLY
#88C9PLVYL,#JUVVY0LU
#YYR8V8U8Y,#2QCR9L9P2
#Y202YVUU,#PYGV2CRLJ
#QGLQC2YYG,#2L88CU2V
#90R22UVY,#U2UJQCL0
#JJVVV8RG,#PLGJ0LLJ
#8QP9UPUPG,#PJ08LLCYV
#2U2JJ098Q,#8L8VV88C
#JLCJCUPJ,#2RQ89029J
#80U90RGV,#R8000P88
#UCRG8GGL,#2Y2PPQ0JV
#98CPJ2PQ,#2JPPU8YRY
#8C8QJR9JG,#P0JRRJLYV
#9LR00P2G,#9PUUCCY9J
#2J9LPRYR,#28Y2V0C
#PY9CULY,#2YV280Q0
#J8YPGGJ,#8YQ99CQVC
#98G8PYUQ2,#CPQPPQ28
#9Y2LCU0UV,#C0PPG0
#P8YUYYGPQ,#8VUPVJ2R
#9289JQPV9,#2QCUGCPQ
#2QLJPC2R0,#98LLQYJG
#P2CYJ0VU,#9C2YV2RQ
#9QR0Q2YYC,#8092RGP8J
#P2CYJ0VU,#CJJVYY28
#G82LPRJG,#UP2Q8RR0
#2UL9YLPL0,#GYGCJYPL
#2YCJRP9Q0,#QYJQQV2V
#80LPYLGC,#888P9C9UV
#PV209YR,#2YJCGYVQ8
#UP9QQ9VY,#P9R8CPCUG
#8P00CJGY,#8RVQVVV2
#YQCL8VRL,#9UCG09099
#9LYUG09,#YCPC92CC
#2UQ8UC8R9,#GGCQ8GQR
#2LPC0LVPG,#2VURRCG90
#22UCVR0CL,#98PJJGQJG
#C2QCRP0J,#8C8QJR9JG
#2JUPU0LPV,#8RVQVVV2
#80992PGVV,#P0RR0VQLC
#8PP0Y8J2,#2VC0RUVVR
#P9L2UGPR,#2YCJRP9Q0
#2V20QJVR,#2UL9YLPL0
#8P988JLV0,#GL9299QG
#CJYP2PV2,#CJRGGCC8
#YQ9QYJGP,#8ULGU0QG9
#28JUC89JV,#9JC989C2U
#YLRU2LLYP,#QGCLQLYJV
#JPCRVGLY,#20L8Y9QY
#8QPCGVP2Y,#GQJY00YP
#P9L2UGPR,#QJYV9L9Q
#GJCC29PC,#820UJQUYY
#P9LQRJVL8,#9LUQPG2Y
#YP2YJJJ2,#8CUL88Y08
#9PYJVPPLV,#VC2L0QPU
#CQ8CPPG9,#90UL09LP
#9V20UYCRU,#VPC9RRQ
#22JY90CP0,#2PVCG9GQ
#22JY90CP0,#208GJV
#G2RPJVRJ,#2VUJQQVGR
#9GVYCJPG,#9QYRCPJP2
#98G2RCCYY,#GJJ2Y098J
#2Q80QPGCU,#2L0V2YQUY
#2RPQJYQ9,#2UQ8UC8R9
#98CP90GJ9,#8P9JYRLL
#2PJQ0U9U,#P29Q09C9V
#QJYV9L9Q,#8UJQPR22
#2LGUPRCJP,#GRY2909Q
#R90PRV0PY,#PG88RGQY8
#G0YYJGG,#Y0JVJL9P
#L00RCJYG2,#80U90RGV
#88U0V8C,#CC2C2VV0
#PYR9GLQU0,#2CQVC0899
#VCVCG2YR,#208GJV
#J999R29J,#9RJQ0YG9R
#YP2YJJJ2,#88VR0GVPL
#YYR8V8U8Y,#PLVU202JY
#8R8CY9G0,#2PR09PCQY
#2Y0C2V0JG,#L98JYVL
#9Q90P0Y0,#C0PPG0
#9QY0RR29,#28JUC89JV
#2GPVQYQLG,#P09C0GC0
#80992PGVV,#PJ08LLCYV
#GPP2YLL8,#J2PVLP8J
#92R9QJYYQ,#QJYV9L9Q
#9YJ08GG08,#9PYJVPPLV
#J8J0Q20Y,#2RCPG208L
#2GVLPR28L,#989L99QLC
#QYVJGPJY,#280YVGJQU
#20RGU0LG0,#JVJGJLVC
#2YC9QC8L9,#PU0GY8Q9
#82RQ02YUJ,#2GPURRRCG
#2RUJ929U0,#P8J2V2CQ
#9L2GV8VUC,#22RPYRV99
#8JRC80YPR,#928UL0RR
#LVC20V9L,#8YPURJVLP
#VCUYGG8J,#QYVJGPJY
#2YJV8QPRL,#PU0GY8Q9
#8YULR0QR,#988RL92U
#28Q0YRYU9,#2UL9YLPL0
#8ULGU0QG9,#2092CR2RV
#LCCGJQJC,#2GLLJ9QY
#2JJGRPVPL,#2UL9YLPL0
#8YPURJVLP,#8UYC22989
#8VLJPL8L2,#9QLL8QQQ
#98YPGGJJ,#LYJLLPQR
#8YL988LL8,#PJJURULY
#829YPQYLG,#90YPUVL2
#90VLUCGVG,#GVPVJQR
#8PRGRYPCC,#CCQCU90L
#2J9LPRYR,#2U0JJQQYY
#2QQCULG2V,#8GL2CRGLR
#2L2QGJQQ,#8PRGRYPCC
#VQ29UYYY,#Y2PULV0LV
#82LP8CPJ8,#QL8CJUYQ
#GCVVV8YR,#2P0PQCVPC
#8P0URCRV,#GUPPRCQ
#8R8CY9G0,#JUUQ99U0
#2JJGRPVPL,#JPL8QUG0
#VUJYUJLY,#29VQ2G8G
#82UCYLQG,#YJ2LJU2CR
#YYR8V8U8Y,#8YPRCLPQ
#9JCVUYP,#UCC8QQPU
#Y0C2RQ0U,#P9L2UGPR
#2Q9JG29RL,#P8YLG882L
#GJJ2Y098J,#8982QVPQV
#22Y89Q0LU,#9YYCUUYRP
#9RCYRP2,#2VP9LL2JP
#P9P2GL8,#2QY9CYJVY
#8QPYVCL,#J9LRGUJ2
#22Y89Q0LU,#99V99R2PV
#PJC0QVC9U,#80LPYLGC
#28LUR080P,#9UCCQ2Q9R
#J8QU0QYP,#CL2V9U00
#L2R22CP,#CCQCU90L
#99GJ9LC0P,#92YV2YRGR
#UUY9VG09,#2LYPPG0Y2
#28LUR080P,#9GVYCJPG
#YYJUJUQG,#JQ8C0P
#CPQPPQ28,#92YQYU0L2
#9VQQ99Y8,#VC2L0QPU
#PV8LRVCJU,#8VR98PCLC
#9RGPC2GG,#ULULJC0C
#VUJYUJLY,#9Q90P0Y0
#LLGPYL2G,#22CCRLQ0R
#2UJ0RCCUQ,#202U2J08Q
#GG8UC0CP,#8V0222YG
#URL0222L,#2J9PJCCJ
#2PY2228U9,#PLLC2VG
#R9U2J8CR,#UUQQJ2U0
#98CP90GJ9,#2CQVC0899
#99Q8CU,#GGCQ8GQR
#8PGR0RPCU,#PJ8RJPRPR
#2V2PUPJ0,#P9P2GL8
#2RUJ929U0,#92JCC8JUC
#Q2CGJ8JQ,#P82PPQPV
#2CQVC0899,#QCJQCJ8G
#PRU8Y0UQY,#8RYR9L2J
#VQ29UYYY,#2Y0QR8YCR
#U9PU9LQV,#2YC9QC8L9
#2GC2R2P2Y,#2Q9JG29RL
#8282YYRL,#9P2JPCY9U
#P2CLCV8,#2CRQQ2CVP
#2Y8CJ2LJC,#2CUGV2Y98
#P29CCURC,#22U8RQ908
#P29YGR98,#P88PQJ2UV
#28Q0YRYU9,#9089JPLQ
#G9GJYYJPU,#QCJQCJ8G
#P82YUQ9QY,#202U2J08Q
#JY9JLYRR,#RPJG28Q
#2VQ9PRQ9Y,#2LYPPG0Y2
#2P2PCQ0JL,#JJVVV8RG
#LQJUP2VUG,#8L2URCCR0
#UPRJQQ89,#2UV9020RY
#PY2CLV2L,#2JRYRPL8
#LY00J89PJ,#UUQ9ULJG
#9QC2Y0J8,#PPRPJCYV
#P8C8JRV,#2L9VVLUR
#80U2Q9C9Q,#88ULRRLP
#YG2UVPPRQ,#8YRYV80
#8VYJP8Q0,#2JGRPU928
#82L2VCV8,#9RG0VPUVY
#28Q0YRYU9,#8C9CR9YG
#2RCPG208L,#V2PYVG8R
#UCRG8GGL,#2UY8GVQ2
#2U2JJ098Q,#9GUULQJJ
#99Q8CU,#QCJQYP0C
#RPUU9RY8,#Y9Q2LQJ
#8282YYRL,#28Q0YRYU9
#80992PGVV,#YGYJ220L
#22Y9CGYGQ,#CJRGGCC8
#98LCG9LVP,#88U0V8C
#9L2GV8VUC,#92828YYCU
#282UV0GQG,#82RQ02YUJ
#90LUGG9GJ,#20L8Y9QY
#PCVRVLJCU,#PR009PUL
#8QYCJR99,#2L88CU2V
#Y9G2LLG02,#C9C0R0V8
#8RYR9L2J,#PCPGJ8J0
#828200G2P,#R82Q0L2V
#LYYQVJ0U,#892P2JPGY
#GQJY00YP,#2L0V2YQUY
#9GUULQJJ,#90YPUVL2
#829QLUVVR,#20JLQYG2U
#998LUCJC,#988RL92U
#880UQUUQC,#80992PGVV
#PU0GY8Q9,#9LGYYV9G
#829QLUVVR,#LLJQJLPRJ
#2LJ82YCVR,#P29Q09C9V
#YG2GY9QU,#YYRPRU82V
#UP2Q8RR0,#L2R22CP
#JP9JVC9Y,#P88PQJ2UV
#YLRVGPJP,#2G9PQUGY
#2J00PG8U2,#RGJCUQ8R
#2L0V2YQUY,#92828YYCU
#2Y8CJ2LJC,#GGLRL0
#2VU9YGCGV,#2L9RJL2Q
#PCVRVLJCU,#P2RUVC9VR
#9LUQPG2Y,#CQ8CPPG9
#CQ82JUC,#8L200J88G
#28QV090VL,#2PR28G2
#PYGV2CRLJ,#GQVLJ2U9
#LLGPYL2G,#8R2JCGPC
#8R8CY9G0,#98G8PYUQ2
#PJ2JVLY29,#2QLJPC2R0
#PLLC2VG,#PU9Y888V
#YCPC92CC,#CYYVYRY
#P9LQRJVL8,#8PV2R08L
#2L2QGJQQ,#YVCPCRR
#GJ820UYPC,#2VQQR20
#PGY2YV2G,#G2YGPR8R
#L98JYVL,#QQVYGQ0Y
#CCQCU90L,#P0VC8PJR
#8Y0VL9C,#UPRJQQ89
#2YJLLJYGP,#89U2UCQVQ
#89UV8ULY,#9PYJVPPLV
#RPYLJJ0U,#88YPYCLCP
#YGYJ220L,#PLL8Q9LVR
#G2YGPR8R,#VCVCG2YR
#8C9RQYV2J,#9V2V2VP
#299JJLV8L,#RGP2VC9P
#282UV0GQG,#PP2GQ88U
#9UPG92JC,#R9QYRY2
#2UL9YLPL0,#PG0QC29YR
#QYVJGPJY,#V2PYVG8R
#8282YYRL,#9YGJG8LP
#2JR800G,#22GYRRYLJ
#8QPYVCL,#2L88CU2V
#PV2GC0CYP,#YRRQUVG9
#2VV9GUYVR,#98LCG9LVP
#2J9PJCCJ,#PG0PLRC
#LQ9J02P,#89PL0YV
#8RYR9L2J,#YL098VV8P
#8GRCGCCQC,#8YL988LL8
#RQCUUP2,#8GLQ9G0RG
#YG2UVPPRQ,#QJYV9L9Q
#8QYCJR99,#2YGCCC8VV
#2LGUPRCJP,#VGR9CL0G
#LVC20V9L,#P8J2V2CQ
#YYRPRU82V,#2GRUQP9VL
#CRGUQ2P,#QQLVULY
#PCC2V0CV2,#888P9C9UV
#PUU200YL8,#8YQ99CQVC
#2JRYUGY9V,#9JCVVGU9P
#8L009JURJ,#UPRJQQ89
#2R80RVPP,#PP2GQ88U
#JLCJCUPJ,#2VP9LL2JP
#90PUP92J,#GJJ2Y098J
#C2QCRP0J,#LVC20V9L
#PG0PLRC,#8CJ2880VR
#28Q0YRYU9,#8L000LJ9Y
#8VPQUG89,#JLCJCUPJ
#98YVRUYLR,#R90PRV0PY
#2G9PQUGY,#2Y0QR8YCR
#20YJGL9V,#PYR9GLQU0
#8CJ2880VR,#2GVLPR28L
#CQG8R8UV,#PL8QL08
#2LPC0LVPG,#Y22PJ9V9J
#R82VQ90R,#92YV2YRGR
#22Y9CGYGQ,#8YRGR00G
#PV8LRVCJU,#YGU8Q29Q
#RPJG28Q,#QJU0P2JJP
#Y08PCY8P2,#80VGYGQL
#98RRY80YR,#2Y0QR8YCR
#9GLYYQ2L,#2RCPG208L
#QGV9QLGY,#2YVQQPQJL
#2CYQJGCR,#QUV8C89
#U298CV9U,#Y8LRYYQQY
#J9LRGUJ2,#P8YUYYGPQ
#J8YPGGJ,#P0RR0VQLC
#VY9J8ULV,#R9QYRY2
#RC2UPGP8,#820PRY28P
#8YULR0QR,#2RUJ929U0
#UP9QQ9VY,#YQCL8VRL
#8L000LJ9Y,#2Q9VJQL8U
#28QPY8JRY,#2JRYUGY9V
#8GP2YJCL9,#UCRG8GGL
#2QYC8YLLG,#PLVU202JY
#892JJYVC,#LYG9QGGQ
#LY00J89PJ,#88C9PLVYL
#PJ08LLCYV,#PJC0QVC9U
#LRUQQPVU,#LRYQU2V
#9QY0RR29,#8YULR0QR
#2LVJR89V0,#2092CR2RV
#829QLUVVR,#PG28UYQLJ
#GPQ2UG2Q,#GYGCJYPL
#Y9Q2LQJ,#L2UR0Y0J
#2J9LPRYR,#2J2LVPY9L
#8Y9L200U,#PC9JLQR
#RQQQY2L28,#8UYL0PPJ
#Q0L92PQ2,#9Q90P0Y0
#8L8VV88C,#8P28UP0J8
#YQCL8VRL,#2G0JP98QR
#9UPG92JC,#20P8LJPU9
#2L88CU2V,#2C90R29P9
#C8U9GRVY,#9GVYCJPG
#9Y2LCU0UV,#2092CR2RV
#9LQJLL,#2V2PUPJ0
#8PQ9QCPL,#8P28UP0J8
#8C9CR9YG,#QPQVLYJJ
#8P988JLV0,#2CRJGPRY
#PC9JLQR,#CRGUQ2P
#9PUUCCY9J,#P8J2V2CQ
#UR8L82JQ,#GY2VG2U0
#2GPVRQJG2,#8YQ99CQVC
#PCRRR2VV,#VVQ9GU
#2LYPPG0Y2,#P8C8JRV
#9V0PQY2YG,#20J8VCV2Q
#L8U8RC8G,#2P0PQCVPC
#UUY9VG09,#2GJC9PR28
#QUV8C89,#CPQPPQ28
#2LVG2C22U,#988RL92U
#PQR90RV9C,#88VR0GVPL
#LR89LRRVJ,#PL0G808QU
#2GQVLYV0U,#VPC9RRQ
#89UL2CLG,#9LQJLL
#8Y9VPLLYC,#2YV280Q0
#2VLC20U9V,#82RQ02YUJ
#8C9CR9YG,#2CQ0LU9V
#8VLCCYU82,#9Q90P0Y0
#9UQPRG0RU,#8P988JLV0
#V2PYVG8R,#28CGVGQQQ
#PCRRYUQ88,#90UJPLCQQ
#YQ9QYJGP,#9QULGU02
#2LRU8YJ2P,#UUQ9ULJG
#28LUR080P,#JPQPPUJ
#PC99QUQ,#P2RUVC9VR
#J9V28UL9,#2GP88YU0
#2L0V2YQUY,#8YYYUVRQ
#2QVPUU80L,#2220RUV9Y
#2YV280Q0,#20YGVQR0R
#8UCQYJLP8,#9QLU9UJ2R
#CJYP2PV2,#PJC0QVC9U
#89QYQL20G,#98CPJ2PQ
#9VQQ99Y8,#98G8PYUQ2
#G2YGPR8R,#YG9UL29R0
#99UVLULJY,#Q0CVCRQR
#8QCLQQCVL,#J002G8UV
#2Q92P0P2,#2PV0VYGLV
#8P28UP0J8,#2VU9YGCGV
#GUQV2YCY,#P2RUVC9VR
#2JRYRPL8,#8JRC80YPR
#YYYJQ9JPR,#880UQUUQC
#2828UJVPG,#UCRG8GGL
#P0VC8PJR,#88VR0GVPL
#RPJG28Q,#98LLQYJG
#2RCPG208L,#CLRJ9999
#8YQVU90,#2LY2GGVR
#89V2YVQQ9,#29VQ2G8G
#RV29VYG,#P8QP0LUPV
#8R2U80VY,#8VLJPL8L2
#2YGCCC8VV,#PCPGJ8J0
#LCCGJQJC,#8P28UP0J8
#92P8RR8LP,#PG9CR2RC
#GG8UC0CP,#CGLRRPYL
#2YVQQPQJL,#9089JPLQ
#2L0RPV822,#2PJ988U2
#YCLCY0R,#88VR0GVPL
#282UV0GQG,#2VURRCG90
#2CQ0LU9V,#Y9G2LLG02
#RRCUL00,#LP8YG2RP
#222VRRYJ,#988RL92U
#Y92G098C,#2JUPU0LPV
#PRU8Y0UQY,#8UGL9GLL
#PYGV2CRLJ,#LR9R9RUR
#22R2JCR2C,#2LRU8YJ2P
#GQVLJ2U9,#22U2C2PP0
#28PQ9GJG9,#2CVLVGVRL
#9YUUVJ08G,#28GUPGY2
#P9P2GL8,#9JJ0G922G
#C00Y8QJ8,#UR8L82JQ
#LJYU90R9Y,#PP0UG0CVC
#Q89VPVUP8,#9UQPRG0RU
#2CQ0LU9V,#U2UJQCL0
#VGR9CL0G,#P2CYJ0VU
#2VRVVJL,#UCRG8GGL
#RPYLJJ0U,#PGY2YV2G
#LLGPYL2G,#JLCJCUPJ
#90YPUVL2,#Q9GV0Y8Y
#90JYC28PR,#GLLCVJJP
#2PCRV0QPY,#2YUQCC8YV
#98LCG9LVP,#8Q80QY
#VQ9QRYRR,#9UQPRG0RU
#P8CJYJ02,#2J2LVPY9L
#8C9CR9YG,#2GRUQP9VL
#2LVJR89V0,#8L2URCCR0
#Y8G9CU2LV,#28QPY8JRY
#P89RY20Q,#2RUL98URQ
#2QCLLQ2G,#CQ8CPPG9
#R9U2J8CR,#8982292LY
#UVL9V8RV,#22R2JCR2C
#2JRYUGY9V,#8PCGQPV9P
#P8CJYJ02,#RQQQY2L28
#8YL988LL8,#U2UJQCL0
#2GPVRQJG2,#UCC2PLP8
#LU8RUR,#28JUC89JV
#2JPPU8YRY,#9C9G9GP
#8982292LY,#P99JPCLQ8
#928922QG0,#C0PPG0
#8YYYUVRQ,#YYR8V8U8Y
#YG9UL29R0,#PG0QC29YR
#99P9VLCR2,#PC9JLQR
#P8YLG882L,#GL9299QG
#JU0VG99C,#YC0JJ2PV
#2JCGGRPC,#8YQVU90
#UCRG8GGL,#2RPQJYQ9
#2RUL98URQ,#8UL0P8LQ
#9PRP2URC,#P0VC8PJR
#8C9RQYV2J,#GRY2909Q
#PCC2V0CV2,#LYG9QGGQ
#GUJ2PLG89,#8P9JYRLL
#22GYRRYLJ,#9YYCUUYRP
#PY2CLV2L,#80VGYGQL
#PG28UYQLJ,#8PGR0RPCU
#8Y9QVU2QJ,#2LVQ2R
#98UVV0,#Q9PGVUY8
#8RYYCJG20,#2CYQJGCR
#VRYV8QGQ,#2JJ9Y9GLQ
#JY9JLYRR,#CYQQPUU2
#RPRL02JQ,#GGCQ8GQR
#Y9G2LLG02,#PUU200YL8
#YQ9QYJGP,#828L9RJG
#9PUUCCY9J,#2PU98V8QJ
#8C8QJR9JG,#Q2CGJ8JQ
#PG0QC29YR,#JUUQ99U0
#JPCRVGLY,#9QY0RR29
#9JCVUYP,#V29RYRCC
#Y0JVJL9P,#9JJ0G922G
#2RLGQGLC,#90UL09LP
#GUPPRCQ,#P8C8JRV
#PLVU202JY,#89UV8ULY
#2RUJ929U0,#GY9Y8GLG
#JVJGJLVC,#98G8PYUQ2
#G22U2G8J8,#8RVQVVV2
#828L9RJG,#90UJPLCQQ
#8PYGPYJPR,#2CRJGPRY
#2YL28LQQJ,#2LVQ2R
#82UCYLQG,#2L9RJL2Q
#2GP88YU0,#22CCRLQ0R
#28V9Q0,#GL9299QG
#2CRQQ2CVP,#P9LQRJVL8
#8CUL88Y08,#8YVGGVC8P
#JPCRVGLY,#9V2V2VP
#2CRQQ2CVP,#LP098UL8L
#8ULGU0QG9,#2QLJPC2R0
#2PVCG9GQ,#2CCQUJJR
#2PVJQC8Y,#2QULVQPRG
#J9URJR90,#R0CG80YG0
#9LQJLL,#99GJ9LC0P
#8Y9QVU2QJ,#9YYGL9GUQ
#QGLQC2YYG,#889982CQY
#9CRJ0YUVL,#PL0G808QU
#JVJGJLVC,#R99YPV2Y
#G22U2G8J8,#YYR8V8U8Y
#8VLJPL8L2,#92LRGLQ2C
#P88PQJ2UV,#8982QVPQV
#2Y0PV0VYP,#8UQVQ02G
#202C2CU0U,#Q0CVCRQR
#QGV9QLGY,#LURU9JU
#UGRV2UJG,#2RUL98URQ
#2PV0VYGLV,#2GLLJ9QY
#2LVQ2R,#2PCRV0QPY
#VCUYGG8J,#P98828PU
#828L9RJG,#299VP2C98
#9QLJU0PJ,#9JPQJPU9J
#80992PGVV,#28PUV9PRQ
#PG28UYQLJ,#2GQVLYV0U
#2J9PJCCJ,#2JL08GY0
#G0YYJGG,#2YC9QC8L9
#YGYU8Y8V,#2PUR2R89L
#LY2V9GQV9,#22PL82RRU
#C0PPG0,#Q9GV0Y8Y
#YGYJ220L,#PY2CLV2L
#8PQG0CPLP,#8QVUVRVRG
#22UCVR0CL,#2Y0PV0VYP
#QGCLQLYJV,#LQ9J02P
#VUJYUJLY,#LY8R8RY9
#YGU8Q29Q,#99GJ9LC0P
#9289JQPV9,#VUJYUJLY
#P8YLG882L,#Y9Q2LQJ
#2P2LVRG99,#RC8RP882
#YG2UVPPRQ,#82RQ02YUJ
#829YPQYLG,#8ULLYVCY9
#LPJCPQRL,#88YPYCLCP
#PQR90RV9C,#GJJ2Y098J
#YG9UL29R0,#2V2QJLU2Y
#RRCUL00,#PY9CULY
#CYQQPUU2,#LUGVG9PC
#LLGPYL2G,#RVL8JP
#9QC2Y0J8,#2RUL98URQ
#YVJR998QC,#CYRL0RY2
#2L0CR9C0,#9GLYYQ2L
#92J8VQRJ9,#98CPJ2PQ
#P98828PU,#VQ9QRYRR
#2QYC8YLLG,#89UL2CLG
#8J8QCGLR,#CGLRRPYL
#2GRQQU02,#C9Q2VJ9
#8L200J88G,#2R98U2C9C
#QGCLQLYJV,#YRV9PUGUR
#YYC9U9JUV,#Y2LJYGUP
#PP2GQ88U,#9CRJ0YUVL
#2LR9YP02G,#PU9Y888V
#PL8QL08,#Q9GV0Y8Y
#8Y82QU8JU,#2YCJRP9Q0
#LPJCPQRL,#YU9C2UGL
#YVJR998QC,#C00Y8QJ8
#YRV9PUGUR,#C2QCRP0J
#LLJQJLPRJ,#LLGPYL2G
#C2QCRP0J,#2P2LVRG99
#QJJP0R8L,#C0PPG0
#9YYCUUYRP,#8L08LCP28
#P29YGR98,#880UQUUQC
#2VQQR20,#LYYQVJ0U
#GQ20CGP,#2QYUL0VCP
#G8Q8C08,#80VGYGQL
#888P9C9UV,#9P2LCUPU
#90YPUVL2,#8YULR0QR
#PV2GC0CYP,#GUQV2YCY
#82UCYLQG,#9RG0VPUVY
#P02QYPQ8V,#2UV9020RY
#2JUP20J9,#YU8CCU0Q
#22U2C2PP0,#V9LR928J
#80J0P829U,#2PY2228U9
#90VLUCGVG,#V29RYRCC
#2Y8LPPUG8,#CCQCU90L
#RQQQY2L28,#YG9UL29R0
#9ULPU0QL,#98UVV0
#20CLG9VGL,#90VRUJLY
#9QLU9UJ2R,#UUQQJ2U0
#2CQVC0899,#LGC80RQP
#P89RY20Q,#YC288PYG
#9Q8QUCUC,#8RYR9L2J
#89V2YVQQ9,#P9R8CPCUG
#9Q8UCU0Q0,#CJRGGCC8
#8Y0VL9C,#9V2V2VP
#VQ9QRYRR,#9QLU9UJ2R
#PV8LRVCJU,#2GPURRRCG
#2L0V2YQUY,#2U2JJ098Q
#2JL08GY0,#R90PRV0PY
#88C9PLVYL,#8L200J88G
#UUQQJ2U0,#82UCYLQG
#82G9G90Y9,#YGYJ220L
#UUQ9ULJG,#9UCG09099
#2JRYRPL8,#R8000P88
#VY9J8ULV,#2VVL0VJ89
#9VY020RQV,#Y2PULV0LV
#9V2V2VP,#R99YPV2Y
#Q0L92PQ2,#PG9CR2RC
#2828LJQ9C,#Y2PULV0LV
#9RG0VPUVY,#R9U2J8CR
#RCGPJGYQ,#GLLCVJJP
#222VRRYJ,#9PYJVPPLV
#2CUGV2Y98,#8UQVQ02G
#G9GJYYJPU,#QV2PYL
#UY99QLQU,#RL88PYRG
#PLVU202JY,#9PLYCU229
#Q28QYVJQ,#2J9PJCCJ
#PP0UG0CVC,#80VGYGQL
#QGV9QLGY,#22CCRLQ0R
#2UL9YLPL0,#V0QCQUCL
#2LGUPRCJP,#9QC2Y0J8
#98G8PYUQ2,#2GJC9PR28
#8L2GRYJ0P,#89PL0YV
#20RGU0LG0,#VPC9RRQ
#L8YQLYV2,#UCC8QQPU
#2YP2UJJ0U,#Y0C2RQ0U
#PG88RGQY8,#L8U8RC8G
#8QVUVRVRG,#ULULJC0C
#QGLQC2YYG,#2YUQCC8YV
#98RRY80YR,#2JL08GY0
#2L0CR9C0,#8Y82QU8JU
#L92P8VU9V,#RQCUUP2
#GCVVV8YR,#20JV0JLGQ
#8RYYCJG20,#PJJURULY
#22JYR8PR,#UUY9VG09
#CQ82JUC,#PJLCL9YUQ
#2JPPU8YRY,#P8YUYYGPQ
#LLGPYL2G,#2PR28G2
#LCJ92UQJ,#228J88L89
#8YPURJVLP,#LRUQQPVU
#2QYC8YLLG,#8VYJP8Q0
#L0L9VJLG9,#2VV9GUYVR
#RPRL02JQ,#P8YLG882L
#2RUJ929U0,#2J08RPLQ8
#Q9GV0Y8Y,#PPRPJCYV
#8QPYVCL,#8U2LRYGR
#Y8LRYYQQY,#9P8220PUU
#L8JQ8JL2,#9089JPLQ
#9V0PQY2YG,#28PQ9GJG9
#Q9GV0Y8Y,#PJJURULY
#PCRRGRRCV,#9Y2LCU0UV
#2JCGGRPC,#20L8Y9QY
#2CCQUJJR,#RC8RP882
#9289JQPV9,#2CGUPJJU
#8V0222YG,#22Y0PU08
#2U0JJQQYY,#PCYRRP8J2
#228J88L89,#G9GCGCGG
#98UCCVRRJ,#2JRYUGY9V
#YVJR998QC,#PLGJ0LLJ
#92JCC8JUC,#2ULYLVQ
#8QPCGVP2Y,#2LYPPG0Y2
#R99YPV2Y,#8UPY92GVY
#U800U9U9,#28YC8C2R
#R9U2J8CR,#YU28V0LP
#2YUVY0JL0,#2220RUV9Y
#Y0P8RQ89,#VQ9QRYRR
#2PURUJPQ,#9RR9ULL99
#2UCLC88U,#Y9G2LLG02
#YLRU2LLYP,#8PGR0RPCU
#8YQVU90,#R8UYJ2YP
#LP098UL8L,#GGLRL0
#8QRQ0JLRY,#28JUC20P
#YL098VV8P,#2CQV02CYR
#2P2PCQ0JL,#CPQPPQ28
#CG2VJYP,#QGCLQLYJV
#8L8VV88C,#8YPRCLPQ
#80C09G8G,#8YGR88JJC
#CL2V9U00,#2PY2228U9
#9P2JPCY9U,#8UJQPR22
#22UCVR0CL,#PLGJU82QC
#2VURRCG90,#CY82QGYV
#PCRRYUQ88,#PJG9RLQC
#UG8YP2YU,#2LR9YP02G
#2JL08GY0,#L00C8Y9Q2
#QGV9QLGY,#9YJ08GG08
#22QUQG09C,#LQ2LRL29
#2GRQQU02,#VCUYGG8J
#UQJ9LUP,#L00RCJYG2
#V0QCQUCL,#8VUPVJ2R
#20P8LJPU9,#U99C2JVG
#8GG92RQUG,#80V8U9U0J
#PJ08LLCYV,#828200G2P
#P99PJP8Y2,#2JR800G
#YL098VV8P,#GQ20CGP
#2GVLPR28L,#LQ9J02P
#8YRYV80,#RQQQY2L28
#UUQQJ2U0,#JP9JVC9Y
#8088R0VP,#LVRUV8YV
#2RUJ929U0,#PCRRR2VV
#2VP8Q2PU9,#2Y0QR8YCR
#9QULGU02,#2LPC0LVPG
#PG0QC29YR,#P0RR0VQLC
#98LLQYJG,#8Y9QVU2QJ
#22RPYRV99,#2VRYG0GQJ
#CG2VJYP,#2JJGRPVPL
#8VYJP8Q0,#90LUGG9GJ
#9CCL0VU,#P2RUVC9VR
#2GG9JCCRR,#928922QG0
#U9PU9LQV,#8UV990YU
#8UYL0GGU0,#8PVV28U8
#UCC8QQPU,#92VUJ99VQ
#8Y0LC0L08,#C82Q9U
#8VYJP8Q0,#2U0JJQQYY
#80U90RGV,#RL88PYRG
#8VUPVJ2R,#8Q80QY
#82LP8CPJ8,#CG2VJYP
#Y202YVUU,#YC9GR0RGQ
#C9Q2VJ9,#QGCLQLYJV
#J9LRGUJ2,#8JRC80YPR
#2RPQJYQ9,#YU8CCU0Q
#PV2GC0CYP,#9ULPU0QL
#L8YQLYV2,#9UPG92JC
#8QR8V08YG,#Q2CGJ8JQ
#89UL2CLG,#GRY2909Q
#82L2VCV8,#2PUR2R89L
#8CC9JYG2,#9GUULQJJ
#Y92G098C,#U99C2JVG
#R90PRV0PY,#99V99R2PV
#8GQ0P22RJ,#98RRL0Y2
#YYR8V8U8Y,#98PJJGQJG
#V0QCQUCL,#8PUG0JQ9
#UQJ9LUP,#VY9J8ULV
#YCLCY0R,#2PUR2R89L
#QV2PYL,#GJCC29PC
#80RGP2JPR,#LR89LRRVJ
#2ULYLVQ,#P8CJYJ02
#QGLQC2YYG,#2P2PCQ0JL
#YVJR998QC,#20YJGL9V
#2PCRV0QPY,#Y9Q2LQJ
#PUU200YL8,#PV2GC0CYP
#YRV9PUGUR,#8RRCVCGP
#C82Q9U,#9Q90P0Y0
#YGU8Q29Q,#J8R89YC8
#90LUGG9GJ,#9UCG09099
#98R0LCGG,#92R9QJYYQ
#8QPCGVP2Y,#80V0290C8
#2J2LVPY9L,#9LQJLL
#YVJQQLPPR,#G2YGPR8R
#U99C2JVG,#9J00RUV
#P89RY20Q,#22QUQG09C
#P29YGR98,#LVC20V9L
#28GUPGY2,#J9LRGUJ2
#LJYU90R9Y,#QPQVLYJJ
#89UL2CLG,#J9URJR90
#90VRUJLY,#20YGVQR0R
#288CUPUPP,#9YU9R8J
#J9LQGLL8,#9PRCYU8U
#PU0GY8Q9,#JJVVV8RG
#R99UYRL,#LY00J89PJ
#2RQ89029J,#9QLJU0PJ
#QYVJGPJY,#8QP9UPUPG
#2VV9GUYVR,#PQR90RV9C
#GUJ2PLG89,#9C9G9GP
#PP2GQ88U,#LQ9J02P
#QRU0V0GQ,#2V2PUPJ0
#82YYVJYPG,#YVJR998QC
#8Y9L200U,#PYR9GLQU0
#LU8RUR,#229P2QYL0
#828JLGVYC,#2RUJ929U0
#98UCCVRRJ,#YP2YJJJ2
#PC9JLQR,#29YPQLJG9
#P2CLCV8,#9QLJU0PJ
#PYR9GLQU0,#QRU0V0GQ
#208GJV,#LP8YG2RP
#Y22PJ9V9J,#Y8LRYYQQY
#YG2GY9QU,#2YC9QC8L9
#99UVLULJY,#2LGUPRCJP
#P82UJJGLG,#PL8QL08
#Y2PULV0LV,#8JCRJV9Y
#8YQVU90,#90PUP92J
#QR8JQ8LQ,#2YQ98PLCJ
#9Q8QUCUC,#98RRY80YR
#8QRQ0JLRY,#9GLYYQ2L
#2PJ988U2,#8LULYQ82Q
#9P2LCUPU,#8L009JURJ
#2Q9JG29RL,#L09YGU9
#9YYCUUYRP,#8RRJCVQR
#YYJUJUQG,#9JC989C2U
#CJRGGCC8,#2UJP2U2UP
#9JC989C2U,#2PVJQC8Y
#LPJCPQRL,#GPU8P0C9
#2L88CU2V,#28PQ9GJG9
#9289JQPV9,#9RJQ0YG9R
#G0YYJGG,#VGR9CL0G
#2Y8CJ2LJC,#YJ2LJU2CR
#8CJ2880VR,#9YPJY2GU2
#9UVJP08QR,#VGR9CL0G
#9JLQPU802,#VV929UL9
#8QPCGVP2Y,#LRYQU2V
#20RJCRLL9,#P82UJJGLG
#828200G2P,#GQVLJ2U9
#9RG0VPUVY,#PUU200YL8
#P09C0GC0,#LRYQU2V
#8YRYV80,#2VQ90LLL
#9GVYCJPG,#9PLYCU229
#P2CYJ0VU,#C0PPG0
#LQJUP2VUG,#9YGJG8LP
#9C9G9GP,#9UPG92JC
#R2UYQ9898,#202C2CU0U
#P9P2GL8,#2UV9020RY
#82LP8CPJ8,#8UQVQ02G
#9GLYYQ2L,#98LCG9LVP
#2828UJVPG,#8PRGRYPCC
#2LYPPG0Y2,#UPRJQQ89
#88UPCYJVC,#909UCGUYJ
#9QYRCPJP2,#R82VQ90R
#P9R8CPCUG,#P9P2GL8
#L2UR0Y0J,#VGR9CL0G
#2Y8CJ2LJC,#R9U2J8CR
#LR89LRRVJ,#8YGVPR9Y0
#YQ9QYJGP,#9J00RUV
#2J888QUGQ,#8L009JURJ
#8982292LY,#PQR90RV9C
#2U02YVYVU,#89RYUPQ0V
#PCRRGRRCV,#9GUULQJJ
#9PVLCGVQ,#YU28V0LP
#9JLQPU802,#P02QYPQ8V
#R99UYRL,#2JR800G
#J999R29J,#GGCQ8GQR
#P89RY20Q,#VQJ9UUP
#PCYRRP8J2,#9PYJVPPLV
#U98PGQP8,#2828LJQ9C
#YQCL8VRL,#299JJLV8L
#2YQ98PLCJ,#9V20UYCRU
#CQ8CPPG9,#C9Q2VJ9
#8982QVPQV,#8RVQVVV2
#QCJQYP0C,#2LVQ2R
#98CPJ2PQ,#99Q8CU
#80LPYLGC,#22U8RQ908
#U800U9U9,#9YJ08GG08
#8QP9UPUPG,#2UJP2U2UP
#L98JYVL,#RRCUL00
#R99YPV2Y,#8P0URCRV
#9V20UYCRU,#8092RGP8J
#9JPQJPU9J,#J9V28UL9
#2CRGVCU0,#2UCLC88U
#82YYVJYPG,#R8GRU8YP2
#2UVUR2YPP,#9UQPRG0RU
#29VGUQL00,#9P2JPCY9U
#UR8L82JQ,#9YYGL9GUQ
#9GVYCJPG,#PP0UG0CVC
#PU9Y888V,#89U2UCQVQ
#LRUQQPVU,#VQJ9UUP
#2UQ8UC8R9,#2CQG98PP0
#PV209YR,#82UVCUR2R
#GPP2YLL8,#YYJUJUQG
#8L2GRYJ0P,#8JCRJV9Y
#PGY2YV2G,#9V20UYCRU
#2L88CU2V,#92R9QJYYQ
#8PP0Y8J2,#CQ0YGRU
#2YJCGYVQ8,#VR29JCCG
#9Q8UCU0Q0,#2YUVY0JL0
#20CLG9VGL,#9VQQ99Y8
#82VJQ22VQ,#892P2JPGY
#2QYUL0VCP,#2Q92P0P2
#28GUPV8QG,#8RRCVCGP
#8YGVPR9Y0,#2828LJQ9C
#8YULR0QR,#G9GCGCGG
#2VV98UYP0,#8J8QCGLR
#QYJQQV2V,#YYYJQ9JPR
#PU2YY8,#PJ8RJPRPR
#8CC9G99PG,#2GPVQYQLG
#2UL9YLPL0,#GUJ2PLG89
#8UGL9GLL,#PLL8Q9LVR
#28QJJ8YUR,#2L9RJL2Q
#9UCCQ2Q9R,#9QULGU02
#9P8220PUU,#92RUJ8LPP
#YLRVGPJP,#CC2C8PQ
#P88L0ULQ,#8ULGU0QG9
#QGCLQLYJV,#PY9CULY
#8UL0P8LQ,#89UP8GG8L
#2GRUQP9VL,#22Y89Q0LU
#PLGJ0LLJ,#2RUL98URQ
#VV929UL9,#RYRGV0CY
#2Y20C8U0C,#2Q80QPGCU
#QYVJGPJY,#8282YYRL
#92V2VRCVQ,#CY82QGYV
#88YPYCLCP,#229P2QYL0
#2UVUR2YPP,#2JGRPU928
#9UQPRG0RU,#92LRGLQ2C
#L09YGU9,#9JC989C2U
#80V8U9U0J,#QCJQCJ8G
#8YRGR00G,#989L99QLC
#YC288PYG,#RQQQY2L28
#28Q0YRYU9,#8LCYR90LP
#P8YUYYGPQ,#UCC8QQPU
#2VU9YGCGV,#28V9Q0
#2JRP8UYP,#QGCLQLYJV
#2CCQUJJR,#9LGYYV9G
#PCPGJ8J0,#PJGGRCPC2
#YU28V0LP,#2828LJQ9C
#LUGVG9PC,#202U2J08Q
#P88L0ULQ,#YQ9QYJGP
#9QLU9UJ2R,#J8J0Q20Y
#9PRCYU8U,#CQG8R8UV
#8J8QCGLR,#88UPCYJVC
#VCVCG2YR,#U800U9U9
#8J8QCGLR,#99Q8CU
#2UL9YLPL0,#928922QG0
#2JRP8UYP,#2P0PQCVPC
#8YL988LL8,#CCQCU90L
#99Q8CU,#VPUQYUY
#JU0VG99C,#888ULGY
#2LVG2C22U,#80V8U9U0J
#PYVLQYR8V,#2GJ0R2RL9
#8PV2R08L,#8UYL0PPJ
#QPQVLYJJ,#JP9JVC9Y
#90LUGG9GJ,#8YRJ0928
#YCLCY0R,#22QUQG09C
#LQJUP2VUG,#VCVCG2YR
#LVC20V9L,#RGJCUQ8R
#8282YYRL,#9YYGL9GUQ
#82L2VCV8,#9LR00P2G
#9JC989C2U,#QGV9QLGY
#CL2V9U00,#QR8JQ8LQ
#RC2UPGP8,#2JJ9Y9GLQ
#9LYUG09,#R8GRU8YP2
#2YP2UJJ0U,#2YUVY0JL0
#CC2C2VV0,#8YQVU90
#VQ9QRYRR,#9YYGL9GUQ
#R9U2J8CR,#829YPQYLG
#99GJ9LC0P,#20RJCRLL9
#GPP2YLL8,#90R22UVY
#2PJP8LJC,#GQPRJCUU
#Q88YUVLG,#829YPQYLG
#92JCC8JUC,#28JUC89JV
#92J8VQRJ9,#8QYCJR99
#JUVVY0LU,#9RQ8YRYQL
#22U2C2PP0,#8JRC80YPR
#282UV0GQG,#8PCCYQVG
#PLGJU82QC,#LUGVG9PC
#YYRPRU82V,#2CYQJGCR
#2CUGV2Y98,#G9GJYYJPU
#9Q8UCU0Q0,#RL88PYRG
#LCCGJQJC,#PYGV2CRLJ
#22PL82RRU,#2CUGV2Y98
#9QY0RR29,#80V0290C8
#YJ8R2Y9L,#LR9R9RUR
#2VJQVPVR,#CC2C2VV0
#2PR28G2,#VPC9RRQ
#20RJCRLL9,#299JJLV8L
#80V0290C8,#22QUQG09C
#2PCYY2QCP,#QGCLQLYJV
#2QQCULG2V,#GJCC29PC
#2PVCG9GQ,#9PVLCGVQ
#89U2UCQVQ,#9CRJ0YUVL
#8Y82QU8JU,#8L08LCP28
#G2YGPR8R,#UPRJQQ89
#2JUP20J9,#GUJ2PLG89
#UY99QLQU,#PRU8Y0UQY
#28CGVGQQQ,#89LY9LU2Y
#L82V9VVC,#8Q80QY
#20RJCRLL9,#2Y20C8U0C
#C82Q9U,#P82YUQ9QY
#GGCQ8GQR,#P99PJP8Y2
#9YJ08GG08,#9V2V2VP
#82L2VCV8,#9VQQ99Y8
#98PJJGQJG,#8PQG0CPLP
#P2RUVC9VR,#22Y0PU08
#8YL988LL8,#8L2URCCR0
#8YVGGVC8P,#PJ2JVLY29
#GL9299QG,#80V8U9U0J
#2VRYG0GQJ,#YYC9U9JUV
#89UP8GG8L,#8LULYQ82Q
#28QV090VL,#LCCGJQJC
#YL9CCGU2V,#20YJGL9V
#2RUJ929U0,#9Y9Y80
#2YJLLJYGP,#9UVJP08QR
#8GG92RQUG,#P8J2V2CQ
#LPJCPQRL,#2Q9VJQL8U
#909UCGUYJ,#8YL988LL8
#2YCJRP9Q0,#8L200J88G
#GY9Y8GLG,#P9L2UGPR
#90LUGG9GJ,#9QY0RR29
#8L000LJ9Y,#8UV990YU
#28QJJ8YUR,#YVJR998QC
#20JV0JLGQ,#9V20UYCRU
#8GL2CRGLR,#9UVJP08QR
#8J8QCGLR,#2GPURRRCG
#2Q9JG29RL,#20JLQYG2U
#YPCVU2UQ,#QGCLQLYJV
#JJVVV8RG,#80U2Q9C9Q
#22U8RQ908,#QV2PYL
#280YVGJQU,#9QULGU02
#PLVU202JY,#828L9RJG
#LYG9QGGQ,#C82Q9U
#YLUY9YQ0,#92R9QJYYQ
#8YQVU90,#9L2GV8VUC
#989L99QLC,#2YJV8QPRL
#8LULYQ82Q,#YGYJ220L
#8JG820YQG,#P2CLCV8
#2YQ98PLCJ,#2LGUPRCJP
#UCC8QQPU,#8PRGRYPCC
#9YGJG8LP,#2Q92P0P2
#RL88PYRG,#PJUJCVUR
#9JCVVGU9P,#J8J0Q20Y
#YP2YJJJ2,#2QLJPC2R0
#829QLUVVR,#LP098UL8L
#2V9P80RLC,#92LRGLQ2C
#8L000LJ9Y,#2YJLLJYGP
#2RQRQVU08,#2PPRU8QU0
#8982292LY,#V29RYRCC
#2VU9YGCGV,#VQJ9UUP
#LU8RUR,#20JLQYG2U
#RPJG28Q,#GG8UC0CP
#2Q9VJQL8U,#UJVJJ0LU
#PL8QL08,#2YCJRP9Q0
