player_tag,quest_id,quest_title,quest_description,quest_requirement,quest_depends,unlock
#2J00PG8U2,110,Vincents,Leathard,Donate 618 gold,10,2021-09-17
#PC99QUQ,14,Jeane,Jarrard,Donate 416 gems,,2020-11-02
#2RUJ929U0,119,Pauly,Gilgryst,Donate 149 gold,200,2019-08-22
#22GYRRYLJ,54,Ernestine,Perrott,Donate 1389 gems,,2020-12-25
#9QYRCPJP2,116,Dionysus,Charity,Donate 549 gems,,2021-04-26
#80U90RGV,104,Ansel,Hammant,Donate 37 gems,46,2020-06-24
#2P0PQCVPC,44,Nixie,Beevis,Donate 505 gems,60,2020-02-09
#8J2PRR9Y,121,Shir,Shipman,Donate 80 gems,,2019-12-28
#L98JYVL,63,Jed,Lanham,Donate 1119 gems,,2019-01-02
#2JUP20J9,141,Cecile,Gammell,Donate 183 gems,192,2020-05-22
#C00Y8QJ8,54,Ernestine,Perrott,Donate 1389 gems,,2020-02-22
#YP2YJJJ2,157,Romain,Bater,Donate 1470 gems,,2020-06-08
#YCLCY0R,71,Asa,Birkenshaw,Donate 97 gems,,2020-03-26
#9Q90P0Y0,38,Roma,Grubey,Donate 720 gems,,2020-08-28
#92YQYU0L2,194,Patty,Driutti,Donate 1410 gold,41,2019-07-23
#90YPUVL2,103,Hanna,Deares,Donate 988 gems,,2018-12-18
#2UGR22RCP,58,Rriocard,Charity,Donate 291 gold,,2020-08-20
#98CP90GJ9,2,Elmo,Feitosa,Donate 645 gold,,2021-11-01
#8PGU0R8JR,38,Roma,Grubey,Donate 720 gems,,2020-05-27
#R9U2J8CR,172,Kelvin,Guilbert,Donate 758 gold,,2020-04-08
#2JJGRPVPL,183,Margarethe,Byas,Donate 1439 gold,162,2020-09-03
#PLLC2VG,101,Frank,Syfax,Donate 424 gems,46,2021-01-15
#90UJPLCQQ,191,Regan,Clues,Donate 762 gold,,2019-01-16
#82G9G90Y9,91,Xena,Weson,Donate 400 gold,133,2021-07-07
#2V2PUPJ0,180,Meier,Ashfull,Donate 594 gems,82,2020-10-20
#2PJ988U2,99,Camila,Jamblin,Donate 1281 gems,157,2020-03-27
#P0RR0VQLC,114,Miran,Spillett,Donate 1317 gems,,2020-01-20
#UJVJJ0LU,74,Frasco,Cockren,Donate 41 gems,,2019-05-16
#P88L0ULQ,28,Templeton,Baiden,Donate 1486 gems,,2019-03-25
#LVRUV8YV,132,Clarita,Morgen,Donate 535 gems,,2019-09-20
#8UYC22989,173,Valaree,Caesmans,Donate 1391 gems,,2021-05-22
#2L88CU2V,106,Avram,Thraves,Donate 557 gold,,2020-07-29
#2PY2228U9,185,Briano,Pamplin,Donate 823 gold,116,2021-09-12
#P29CCURC,131,Zared,Kleinplatz,Donate 931 gold,,2018-12-18
#28PQ9GJG9,149,Dorelle,Joontjes,Donate 129 gems,,2020-10-24
#9V20UYCRU,118,Neil,Kobpac,Donate 275 gems,,2019-05-16
#8C9RQYV2J,32,Abra,Dreng,Donate 1217 gems,79,2019-03-09
#90VRUJLY,184,Shantee,Turri,Donate 326 gems,,2020-08-06
#VUUVPJUY,68,Maudie,Almond,Donate 75 gems,,2019-05-21
#L2R22CP,161,Birgitta,Tippin,Donate 1435 gold,,2021-01-08
#VPP9CQV,65,Royall,Peacher,Donate 397 gold,,2019-03-14
#YVJQQLPPR,94,Ali,Cooke,Donate 1334 gold,62,2021-07-25
#UQJ9LUP,146,Addie,Murphey,Donate 929 gems,,2021-04-25
#2LY2GGVR,13,Shelagh,Balentyne,Donate 491 gems,,2019-05-18
#PYGV2CRLJ,70,Madelena,Jeffree,Donate 431 gems,148,2019-04-24
#2RUL98URQ,130,Elmo,Gluyas,Donate 107 gems,150,2021-04-05
#80V0JULJ,156,Shel,Twiggs,Donate 879 gems,,2018-12-16
#PCY2PV8LG,117,Carlee,Blasetti,Donate 557 gems,,2019-03-04
#22UCVR0CL,108,Margarita,Fraczak,Donate 1250 gold,,2020-06-14
#2JJ9Y9GLQ,123,Theo,Wolfers,Donate 210 gems,,2021-09-12
#828JLGVYC,167,Annabella,Chinnick,Donate 855 gems,86,2020-03-20
#2PJQ0U9U,128,Letisha,Vaney,Donate 1377 gold,,2019-08-28
#P9L2UGPR,172,Kelvin,Guilbert,Donate 758 gold,,2019-11-17
#92V2VRCVQ,51,Tate,Sauvage,Donate 581 gems,94,2019-10-30
#9CRJ0YUVL,9,Sharyl,Gimert,Donate 863 gold,,2021-06-21
#82VJQ22VQ,104,Ansel,Hammant,Donate 37 gems,46,2020-02-18
#UR8L82JQ,33,Roma,Zecchinelli,Donate 336 gems,198,2020-08-29
#28YC8C2R,156,Shel,Twiggs,Donate 879 gems,,2021-07-26
#YYJUJUQG,33,Roma,Zecchinelli,Donate 336 gems,198,2021-04-19
#QQVYGQ0Y,131,Zared,Kleinplatz,Donate 931 gold,,2021-04-08
#29UJ9Q99,66,Trace,Listone,Donate 673 gems,115,2019-03-03
#9JCVUYP,148,Rollie,Rose,Donate 640 gems,,2021-03-25
#28Q0YRYU9,94,Ali,Cooke,Donate 1334 gold,62,2021-08-10
#2QY9CYJVY,50,Jacqueline,Funcheon,Donate 689 gems,103,2020-01-04
#P82UJJGLG,93,Ferdinanda,Colbourn,Donate 972 gold,,2019-01-10
#20P8LJPU9,184,Shantee,Turri,Donate 326 gems,,2019-07-06
#98RRY80YR,178,Irena,Plaide,Donate 146 gems,,2019-01-26
#PL0G808QU,112,Erastus,Flemming,Donate 177 gold,44,2020-04-06
#9LYUG09,30,Monah,Alldread,Donate 616 gems,,2021-08-23
#UGRV2UJG,101,Frank,Syfax,Donate 424 gems,46,2019-03-16
#Q0CPPQC9Q,39,Roman,Lodin,Donate 574 gems,,2019-11-20
#Y9G2LLG02,175,Wat,Deighan,Donate 236 gold,27,2020-06-01
#2V20QJVR,21,Batholomew,Sibbons,Donate 23 gold,,2021-06-09
#2VP9LL2JP,158,Jimmy,Petschelt,Donate 1326 gems,,2019-04-28
#2CQG98PP0,88,Alasteir,Goundsy,Donate 207 gems,,2019-02-12
#2GRQQU02,66,Trace,Listone,Donate 673 gems,115,2020-12-19
#8UJQPR22,61,Marion,Mayor,Donate 845 gold,,2021-07-22
#QVQPJCQR,171,Holmes,Harnwell,Donate 1296 gold,,2019-05-08
#9U0C0LRL9,106,Avram,Thraves,Donate 557 gold,,2021-05-08
#98G8PYUQ2,6,Dode,Delepine,Donate 53 gold,131,2021-07-29
#UP9QQ9VY,191,Regan,Clues,Donate 762 gold,,2018-12-22
#2PJQ0U9U,120,Zeb,Dikle,Donate 1340 gold,145,2021-11-14
#8UQVQ02G,60,Sherlocke,Fairs,Donate 504 gems,,2020-12-23
#YG2GY9QU,107,Lynette,Kidman,Donate 667 gold,95,2021-06-19
#YYJUJUQG,47,Melisandra,Franklin,Donate 1192 gems,13,2021-07-27
#8QPCGVP2Y,117,Carlee,Blasetti,Donate 557 gems,,2020-09-28
#8Y9L200U,146,Addie,Murphey,Donate 929 gems,,2020-10-26
#VR29JCCG,142,Katerina,Snellman,Donate 1250 gems,158,2020-10-18
#PLLC2VG,155,Wyn,Kyteley,Donate 748 gold,78,2019-01-12
#8YULR0QR,6,Dode,Delepine,Donate 53 gold,131,2019-01-14
#92828YYCU,13,Shelagh,Balentyne,Donate 491 gems,,2018-12-12
#QCJQYP0C,99,Camila,Jamblin,Donate 1281 gems,157,2021-11-11
#8GQ0P22RJ,43,Kareem,Burtwell,Donate 1402 gems,194,2019-07-07
#RGP2VC9P,151,Talbot,Ovill,Donate 1244 gems,148,2020-09-21
#2YLQ22YQV,34,Lotte,Duckels,Donate 311 gems,,2020-01-16
#8VLJPL8L2,15,Izak,Killiner,Donate 1432 gems,,2020-11-27
#CQ82JUC,33,Roma,Zecchinelli,Donate 336 gems,198,2021-06-15
#GGCQ8GQR,125,Euphemia,Paynes,Donate 244 gold,,2019-09-26
#V2PYVG8R,70,Madelena,Jeffree,Donate 431 gems,148,2019-12-08
#8VUPVJ2R,113,Oliver,Bethel,Donate 376 gold,133,2020-01-14
#98RRY80YR,84,Cindra,Farbrace,Donate 81 gold,,2019-08-13
#2P2PCQ0JL,175,Wat,Deighan,Donate 236 gold,27,2020-11-29
#20P8LJPU9,139,Tory,Spinella,Donate 783 gems,117,2021-10-02
#J8R89YC8,141,Cecile,Gammell,Donate 183 gems,192,2019-04-19
#CCQCU90L,102,Bennett,Mattes,Donate 276 gems,,2021-10-31
#88VR0GVPL,66,Trace,Listone,Donate 673 gems,115,2020-11-08
#8PCCYQVG,63,Jed,Lanham,Donate 1119 gems,,2021-08-01
#UQJ9LUP,146,Addie,Murphey,Donate 929 gems,,2020-04-01
#PYR9GLQU0,73,Hoyt,Shingfield,Donate 653 gems,,2019-08-09
#2VV9GUYVR,92,Adolphe,Pally,Donate 1000 gold,,2019-12-09
#8PUG0JQ9,130,Elmo,Gluyas,Donate 107 gems,150,2019-07-10
#PG9CR2RC,111,Rickie,Hullbrook,Donate 1372 gold,93,2020-08-20
#PC9JLQR,6,Dode,Delepine,Donate 53 gold,131,2020-07-01
#8CUL88Y08,97,Lonny,Tumielli,Donate 1342 gold,,2020-01-07
#2LRU8YJ2P,4,Alexandre,Dartan,Donate 1062 gold,14,2020-08-18
#P29Q09C9V,40,Burlie,Larcombe,Donate 353 gold,,2021-04-13
#8RRCVCGP,81,Loutitia,Ashmore,Donate 719 gold,151,2021-01-21
#P99PJP8Y2,121,Shir,Shipman,Donate 80 gems,,2020-03-15
#P8C8JRV,121,Shir,Shipman,Donate 80 gems,,2021-08-09
#Y92G098C,91,Xena,Weson,Donate 400 gold,133,2020-12-22
#Y2PULV0LV,117,Carlee,Blasetti,Donate 557 gems,,2020-05-21
#8PGR0RPCU,30,Monah,Alldread,Donate 616 gems,,2020-05-03
#QPQVLYJJ,133,Nicolis,Cornes,Donate 1447 gems,122,2021-05-15
#VR29JCCG,103,Hanna,Deares,Donate 988 gems,,2021-06-25
#PCRRYUQ88,10,Barbra,Fleischmann,Donate 174 gold,,2020-02-17
#2VV0RRVG9,179,Craggie,McElwee,Donate 271 gems,,2020-06-04
#2PJP8LJC,104,Ansel,Hammant,Donate 37 gems,46,2021-05-09
#892JJYVC,7,Annalise,Reinisch,Donate 1191 gold,31,2020-12-05
#89JV98089,195,Hester,Cruickshank,Donate 1134 gold,,2019-10-18
#UGRV2UJG,137,Zollie,Fidell,Donate 898 gold,,2020-03-23
#202C2CU0U,190,Lavena,Scarth,Donate 528 gold,,2019-04-22
#P98828PU,36,Tammi,Colgrave,Donate 632 gold,52,2019-10-09
#YLRU2LLYP,151,Talbot,Ovill,Donate 1244 gems,148,2021-07-01
#8C9CR9YG,54,Ernestine,Perrott,Donate 1389 gems,,2020-08-29
#2CRQQ2CVP,28,Templeton,Baiden,Donate 1486 gems,,2018-12-21
#8L009JURJ,57,Andrus,Le Estut,Donate 231 gems,,2021-09-02
#82LP8CPJ8,72,Dorine,Camilleri,Donate 980 gold,,2020-11-10
#82UVCUR2R,70,Madelena,Jeffree,Donate 431 gems,148,2019-09-25
#LY00J89PJ,70,Madelena,Jeffree,Donate 431 gems,148,2021-03-07
#8R2JCGPC,133,Nicolis,Cornes,Donate 1447 gems,122,2021-05-12
#89JV98089,152,Marielle,Justice,Donate 1142 gold,192,2019-11-17
#QP022PLJV,166,Bernadine,Hutchence,Donate 452 gold,174,2020-07-30
#Q89VPVUP8,11,Lilyan,Gasnell,Donate 427 gold,,2021-03-17
#Y9G2LLG02,64,Florian,Genty,Donate 488 gems,,2020-12-29
#P0RR0VQLC,166,Bernadine,Hutchence,Donate 452 gold,174,2021-11-21
#L98JYVL,147,Ora,Moffett,Donate 1426 gold,,2019-02-28
#2Y0VLG8RY,24,Hans,Spiers,Donate 820 gems,,2020-01-12
#PLLC2VG,82,Cornall,Meeny,Donate 620 gems,95,2020-05-07
#2GJC9PR28,83,Georgy,O'Reilly,Donate 448 gold,153,2021-01-04
#YUU8RCCRQ,109,Winfield,Garaghan,Donate 1245 gold,,2020-06-21
#29VQ2G8G,144,Archibold,Okker,Donate 350 gold,,2021-05-27
#90PUP92J,158,Jimmy,Petschelt,Donate 1326 gems,,2020-07-16
#2ULYLVQ,150,Maggee,Noraway,Donate 852 gems,155,2021-04-02
#80V0290C8,165,Mireielle,Durkin,Donate 589 gold,,2020-04-04
#89PL0YV,171,Holmes,Harnwell,Donate 1296 gold,,2020-03-04
#2GJC9PR28,30,Monah,Alldread,Donate 616 gems,,2020-04-17
#92LRGLQ2C,109,Winfield,Garaghan,Donate 1245 gold,,2019-07-25
#2Y8LPPUG8,30,Monah,Alldread,Donate 616 gems,,2021-08-28
#9LGYYV9G,127,Misti,Winterbotham,Donate 1176 gems,187,2021-04-01
#JPQPPUJ,178,Irena,Plaide,Donate 146 gems,,2021-08-19
#PJJURULY,63,Jed,Lanham,Donate 1119 gems,,2020-06-16
#L2UR0Y0J,2,Elmo,Feitosa,Donate 645 gold,,2019-08-23
#CYRL0RY2,47,Melisandra,Franklin,Donate 1192 gems,13,2020-07-20
#GY2VG2U0,172,Kelvin,Guilbert,Donate 758 gold,,2021-02-03
#29VQ2G8G,184,Shantee,Turri,Donate 326 gems,,2021-04-10
#CYQQPUU2,117,Carlee,Blasetti,Donate 557 gems,,2021-02-15
#22U8RQ908,51,Tate,Sauvage,Donate 581 gems,94,2021-06-17
#9QLJU0PJ,193,Dewey,Fearnehough,Donate 1225 gold,,2019-06-04
#P2CYJ0VU,105,Lane,McIlhone,Donate 280 gold,110,2021-07-12
#909UCGUYJ,118,Neil,Kobpac,Donate 275 gems,,2021-02-23
#G82UQ9UP,186,Petey,Kenington,Donate 1009 gems,,2020-01-04
#2G9VQL8U8,122,Bryan,Eccleston,Donate 1047 gems,,2020-02-14
#2Y8CJ2LJC,157,Romain,Bater,Donate 1470 gems,,2019-08-09
#8YGVPR9Y0,54,Ernestine,Perrott,Donate 1389 gems,,2019-02-08
#LQ2LRL29,157,Romain,Bater,Donate 1470 gems,,2021-08-07
#2GJ0R2RL9,79,Alta,Addinall,Donate 1385 gold,9,2019-06-24
#2J9LPRYR,62,Taryn,Foxhall,Donate 367 gems,,2019-07-01
#RUC9GCUL,184,Shantee,Turri,Donate 326 gems,,2020-01-31
#20CLG9VGL,25,Hephzibah,Kamall,Donate 491 gems,,2021-05-13
#2J2LVPY9L,92,Adolphe,Pally,Donate 1000 gold,,2020-08-17
#92LRGLQ2C,162,Sherlock,Buckett,Donate 708 gold,,2020-08-04
#8VLJPL8L2,191,Regan,Clues,Donate 762 gold,,2020-07-23
#L98JYVL,56,Benita,Heinsen,Donate 617 gems,,2019-01-12
#2Q9VJQL8U,92,Adolphe,Pally,Donate 1000 gold,,2021-04-28
#QPR2LQ02,176,Rozalin,Tapper,Donate 1462 gold,,2021-03-24
#PCC2V0CV2,200,Letizia,Arno,Donate 1160 gold,110,2021-08-14
#9P2LCUPU,45,Michel,Elphinston,Donate 383 gold,55,2019-01-11
#29Y8YPVLV,198,Garrik,Canepe,Donate 1035 gold,,2021-10-02
#8C9RQYV2J,181,Marrilee,McClunaghan,Donate 845 gold,,2020-04-18
#202U2J08Q,141,Cecile,Gammell,Donate 183 gems,192,2019-01-13
#20CLG9VGL,13,Shelagh,Balentyne,Donate 491 gems,,2019-09-15
#YLRU2LLYP,61,Marion,Mayor,Donate 845 gold,,2021-06-01
#2RL2R0J0C,141,Cecile,Gammell,Donate 183 gems,192,2021-04-29
#8ULLYVCY9,55,Sidoney,Kruse,Donate 699 gold,,2021-07-20
#2PURUJPQ,101,Frank,Syfax,Donate 424 gems,46,2021-10-02
#2Y8LPPUG8,155,Wyn,Kyteley,Donate 748 gold,78,2020-09-25
#9YUUVJ08G,153,Lindon,Labone,Donate 487 gold,165,2019-10-08
#2JRYUGY9V,125,Euphemia,Paynes,Donate 244 gold,,2021-03-07
#C09PV2RV,186,Petey,Kenington,Donate 1009 gems,,2019-07-15
#2GJ0R2RL9,129,Cob,Thackeray,Donate 600 gems,,2019-04-26
#99QVP8J8Q,124,Tiffi,Authers,Donate 1495 gems,,2019-11-26
#2LJ82YCVR,19,Bessy,Isaacson,Donate 1318 gold,43,2020-02-29
#9CRJ0YUVL,169,Mattie,Wordsley,Donate 562 gems,115,2020-06-10
#UY900V,152,Marielle,Justice,Donate 1142 gold,192,2020-07-27
#GQ20CGP,59,Emelia,Ismead,Donate 1231 gold,163,2019-01-21
#8L009JURJ,180,Meier,Ashfull,Donate 594 gems,82,2021-02-19
#RCYQYPLG,184,Shantee,Turri,Donate 326 gems,,2019-01-18
#8Y9QVU2QJ,33,Roma,Zecchinelli,Donate 336 gems,198,2018-12-10
#LYJLLPQR,156,Shel,Twiggs,Donate 879 gems,,2018-12-25
#CQ0YGRU,48,Eduardo,Winskill,Donate 217 gold,,2019-01-11
#2J888QUGQ,39,Roman,Lodin,Donate 574 gems,,2020-07-28
#8RRJCVQR,196,Carlyle,Kauble,Donate 901 gems,18,2021-04-30
#9QYRCPJP2,180,Meier,Ashfull,Donate 594 gems,82,2019-10-09
#80V0JULJ,161,Birgitta,Tippin,Donate 1435 gold,,2019-06-03
#Q0CVCRQR,171,Holmes,Harnwell,Donate 1296 gold,,2021-03-28
#2VUJQQVGR,30,Monah,Alldread,Donate 616 gems,,2020-04-17
#29922Y2CJ,93,Ferdinanda,Colbourn,Donate 972 gold,,2019-05-16
#80V8U9U0J,153,Lindon,Labone,Donate 487 gold,165,2020-06-04
#RVL8JP,98,Roberto,Aspinal,Donate 751 gold,,2020-08-03
#2092CR2RV,152,Marielle,Justice,Donate 1142 gold,192,2021-05-17
#U2QP29R9,157,Romain,Bater,Donate 1470 gems,,2020-08-31
#RC2UPGP8,92,Adolphe,Pally,Donate 1000 gold,,2021-11-11
#GGL90Q9J,22,Beauregard,Blazevic,Donate 663 gold,17,2021-08-24
#UPRJQQ89,181,Marrilee,McClunaghan,Donate 845 gold,,2019-11-15
#22U2C2PP0,7,Annalise,Reinisch,Donate 1191 gold,31,2019-04-20
#R90PRV0PY,198,Garrik,Canepe,Donate 1035 gold,,2020-06-09
#82UVCUR2R,199,Donovan,Schops,Donate 300 gems,,2020-02-10
#9CUYY8,134,Fania,Rubinovitch,Donate 849 gold,40,2020-10-21
#LP0LQQL,64,Florian,Genty,Donate 488 gems,,2020-10-20
#28PQ9GJG9,121,Shir,Shipman,Donate 80 gems,,2020-11-17
#2828UJVPG,4,Alexandre,Dartan,Donate 1062 gold,14,2019-06-27
#PY9CULY,29,Biron,Dummer,Donate 390 gold,,2019-05-18
#9Q8QUCUC,117,Carlee,Blasetti,Donate 557 gems,,2021-04-11
#20L8Y9QY,64,Florian,Genty,Donate 488 gems,,2019-09-09
#UCYRJRL9,177,Merci,Moxson,Donate 893 gems,9,2021-09-12
#8GR2GVLJ0,163,Abe,Sackler,Donate 1128 gold,,2020-12-16
#Q88YUVLG,136,Jewelle,Poolton,Donate 1192 gems,,2021-04-22
#L09YGU9,114,Miran,Spillett,Donate 1317 gems,,2019-01-29
#89RYUPQ0V,163,Abe,Sackler,Donate 1128 gold,,2021-02-07
#9JCVUYP,12,Deerdre,Ballsdon,Donate 829 gems,140,2019-11-28
#RYRGV0CY,176,Rozalin,Tapper,Donate 1462 gold,,2021-03-11
#LY8R8RY9,30,Monah,Alldread,Donate 616 gems,,2019-09-07
#9VY020RQV,153,Lindon,Labone,Donate 487 gold,165,2020-02-22
#UP9QQ9VY,192,Freddie,Watmore,Donate 1272 gold,,2021-10-28
#LYG9QGGQ,135,Corrinne,Hamley,Donate 1268 gold,,2019-01-29
#YLQQGJ2Q,64,Florian,Genty,Donate 488 gems,,2021-01-18
#G029CV9G,155,Wyn,Kyteley,Donate 748 gold,78,2019-06-26
#VUUVPJUY,7,Annalise,Reinisch,Donate 1191 gold,31,2019-10-06
#GG8UC0CP,158,Jimmy,Petschelt,Donate 1326 gems,,2021-03-22
#GJJ2Y098J,192,Freddie,Watmore,Donate 1272 gold,,2020-04-07
#2CCQUJJR,80,Reinold,Wigmore,Donate 124 gold,37,2020-08-11
#YLUY9YQ0,43,Kareem,Burtwell,Donate 1402 gems,194,2018-12-12
#P0RR0VQLC,189,Gabey,Filipchikov,Donate 162 gold,,2021-06-10
#GVJLCYC,140,Rusty,Helleker,Donate 255 gold,87,2019-03-07
#PU0GY8Q9,98,Roberto,Aspinal,Donate 751 gold,,2019-01-05
#2QYC8YLLG,149,Dorelle,Joontjes,Donate 129 gems,,2021-06-13
#8CUL88Y08,158,Jimmy,Petschelt,Donate 1326 gems,,2020-12-27
#P8J2V2CQ,136,Jewelle,Poolton,Donate 1192 gems,,2020-01-09
#JUVVY0LU,121,Shir,Shipman,Donate 80 gems,,2021-01-25
#2Q9JG29RL,4,Alexandre,Dartan,Donate 1062 gold,14,2021-05-25
#2U2JJ098Q,53,Meagan,Shalliker,Donate 1040 gems,,2021-07-29
#2CRQQ2CVP,22,Beauregard,Blazevic,Donate 663 gold,17,2019-10-13
#YG2GY9QU,173,Valaree,Caesmans,Donate 1391 gems,,2020-10-25
#2YUVY0JL0,42,Lu,Reeve,Donate 289 gems,,2019-01-15
#GLLCVJJP,135,Corrinne,Hamley,Donate 1268 gold,,2021-03-31
#2CUGV2Y98,93,Ferdinanda,Colbourn,Donate 972 gold,,2020-05-13
#98CP90GJ9,109,Winfield,Garaghan,Donate 1245 gold,,2019-12-05
#880UQUUQC,140,Rusty,Helleker,Donate 255 gold,87,2019-06-25
#888P9C9UV,77,Alysia,Harrow,Donate 102 gold,146,2019-02-11
#9UQPRG0RU,18,Brit,Primrose,Donate 98 gems,,2019-01-27
#8R8CY9G0,159,Florry,Rainbow,Donate 897 gems,,2019-07-28
#PG88RGQY8,76,Mattheus,Spinige,Donate 1303 gems,49,2019-07-01
#228J88L89,168,Evvie,Shortin,Donate 1196 gems,,2021-11-05
#2UJP2U2UP,54,Ernestine,Perrott,Donate 1389 gems,,2019-05-13
#8RVQVVV2,96,Anneliese,Lightfoot,Donate 1060 gems,,2019-02-03
#29VGUQL00,129,Cob,Thackeray,Donate 600 gems,,2021-09-27
#2GPURRRCG,47,Melisandra,Franklin,Donate 1192 gems,13,2019-05-11
#L0L9VJLG9,38,Roma,Grubey,Donate 720 gems,,2019-12-31
#99QVP8J8Q,46,Carmel,Kermitt,Donate 673 gems,,2021-03-03
#VQJ9UUP,194,Patty,Driutti,Donate 1410 gold,41,2020-01-15
#98CP90GJ9,44,Nixie,Beevis,Donate 505 gems,60,2019-08-28
#YG2GY9QU,4,Alexandre,Dartan,Donate 1062 gold,14,2019-05-10
#2YVJVGP02,93,Ferdinanda,Colbourn,Donate 972 gold,,2020-02-05
#2PPJPULJ,40,Burlie,Larcombe,Donate 353 gold,,2019-06-09
#VPUQYUY,165,Mireielle,Durkin,Donate 589 gold,,2019-11-23
#80RGP2JPR,2,Elmo,Feitosa,Donate 645 gold,,2021-07-20
#2LVJR89V0,177,Merci,Moxson,Donate 893 gems,9,2019-02-15
#9P8220PUU,117,Carlee,Blasetti,Donate 557 gems,,2020-11-03
#PUU200YL8,106,Avram,Thraves,Donate 557 gold,,2020-08-14
#228J02890,80,Reinold,Wigmore,Donate 124 gold,37,2020-12-16
#PC99QUQ,43,Kareem,Burtwell,Donate 1402 gems,194,2020-07-20
#L00C8Y9Q2,171,Holmes,Harnwell,Donate 1296 gold,,2020-08-10
#PCC2V0CV2,63,Jed,Lanham,Donate 1119 gems,,2020-05-05
#2Q80QPGCU,98,Roberto,Aspinal,Donate 751 gold,,2021-03-17
#2UV9020RY,92,Adolphe,Pally,Donate 1000 gold,,2020-01-08
#LCCGJQJC,196,Carlyle,Kauble,Donate 901 gems,18,2020-01-09
#8L200J88G,138,Alard,Granger,Donate 1143 gold,,2019-06-19
#92YV2YRGR,114,Miran,Spillett,Donate 1317 gems,,2020-08-13
#8PYGPYJPR,76,Mattheus,Spinige,Donate 1303 gems,49,2018-12-25
#QR8JQ8LQ,84,Cindra,Farbrace,Donate 81 gold,,2019-10-04
#8P2CR00L,108,Margarita,Fraczak,Donate 1250 gold,,2021-11-07
#CGLRRPYL,77,Alysia,Harrow,Donate 102 gold,146,2021-07-25
#C09PV2RV,18,Brit,Primrose,Donate 98 gems,,2021-08-26
#J8J0Q20Y,161,Birgitta,Tippin,Donate 1435 gold,,2020-05-15
#28Y2V0C,70,Madelena,Jeffree,Donate 431 gems,148,2020-10-04
#80C09G8G,66,Trace,Listone,Donate 673 gems,115,2021-02-20
#2PCYY2QCP,136,Jewelle,Poolton,Donate 1192 gems,,2020-08-02
#P8QP0LUPV,183,Margarethe,Byas,Donate 1439 gold,162,2020-10-23
#9CJP9GRY,31,Helyn,Corhard,Donate 1335 gems,54,2020-12-01
#8J8QCGLR,65,Royall,Peacher,Donate 397 gold,,2018-12-26
#R99UYRL,181,Marrilee,McClunaghan,Donate 845 gold,,2019-12-12
#GUPPRCQ,110,Vincents,Leathard,Donate 618 gold,10,2018-12-26
#QUJR89R,34,Lotte,Duckels,Donate 311 gems,,2021-03-13
#8YRYV80,151,Talbot,Ovill,Donate 1244 gems,148,2021-02-18
#GL9299QG,154,Darill,Yarker,Donate 1222 gold,116,2019-02-17
#P82UJJGLG,174,Josiah,Clulow,Donate 1074 gold,,2020-09-23
#PJC0QVC9U,48,Eduardo,Winskill,Donate 217 gold,,2020-02-22
#8PUG0JQ9,22,Beauregard,Blazevic,Donate 663 gold,17,2020-07-31
#QQVYGQ0Y,51,Tate,Sauvage,Donate 581 gems,94,2021-08-21
#8YPRCLPQ,90,Laurella,Lyffe,Donate 98 gems,182,2021-06-24
#8YQVU90,135,Corrinne,Hamley,Donate 1268 gold,,2021-03-06
#Y8G9CU2LV,182,Dell,Jude,Donate 920 gems,,2020-09-15
#989L99QLC,36,Tammi,Colgrave,Donate 632 gold,52,2020-06-02
#28GG9QJPY,118,Neil,Kobpac,Donate 275 gems,,2019-06-05
#92VY9UPG,42,Lu,Reeve,Donate 289 gems,,2020-10-30
#QQCCYJLY,84,Cindra,Farbrace,Donate 81 gold,,2019-12-25
#GUJ2PLG89,111,Rickie,Hullbrook,Donate 1372 gold,93,2020-07-12
#90UL09LP,155,Wyn,Kyteley,Donate 748 gold,78,2019-09-24
#92VUJ99VQ,123,Theo,Wolfers,Donate 210 gems,,2021-10-08
#2LJ82YCVR,169,Mattie,Wordsley,Donate 562 gems,115,2019-02-22
#29VLJP0UC,9,Sharyl,Gimert,Donate 863 gold,,2019-10-10
#8GLQ9G0RG,35,Tammi,Marchant,Donate 455 gold,,2020-05-02
#98CP90GJ9,194,Patty,Driutti,Donate 1410 gold,41,2020-08-20
#GL9299QG,112,Erastus,Flemming,Donate 177 gold,44,2020-06-02
#JUVVY0LU,61,Marion,Mayor,Donate 845 gold,,2021-07-20
#2V2QJLU2Y,72,Dorine,Camilleri,Donate 980 gold,,2020-02-02
#CYRL0RY2,82,Cornall,Meeny,Donate 620 gems,95,2018-12-11
#QCJQCJ8G,40,Burlie,Larcombe,Donate 353 gold,,2020-12-22
#GQ20CGP,25,Hephzibah,Kamall,Donate 491 gems,,2021-06-28
#80RGP2JPR,137,Zollie,Fidell,Donate 898 gold,,2019-11-24
#2Y8CJ2LJC,178,Irena,Plaide,Donate 146 gems,,2021-10-29
#YJ8R2Y9L,182,Dell,Jude,Donate 920 gems,,2021-03-01
#2CVLVGVRL,65,Royall,Peacher,Donate 397 gold,,2020-03-08
#2G9PQUGY,113,Oliver,Bethel,Donate 376 gold,133,2021-04-16
#8UGL9GLL,83,Georgy,O'Reilly,Donate 448 gold,153,2020-02-19
#VQJ9UUP,118,Neil,Kobpac,Donate 275 gems,,2019-08-26
#28JUC89JV,151,Talbot,Ovill,Donate 1244 gems,148,2021-08-15
#2VURRCG90,184,Shantee,Turri,Donate 326 gems,,2020-08-16
#8RRJCVQR,184,Shantee,Turri,Donate 326 gems,,2020-05-29
#98LCG9LVP,154,Darill,Yarker,Donate 1222 gold,116,2019-04-05
#228J02890,194,Patty,Driutti,Donate 1410 gold,41,2021-01-15
#8QVUVRVRG,39,Roman,Lodin,Donate 574 gems,,2019-10-13
#22GYRRYLJ,188,Ellary,De Lasci,Donate 899 gold,,2021-11-18
#29VQ2G8G,62,Taryn,Foxhall,Donate 367 gems,,2020-06-11
#9RJQ0YG9R,124,Tiffi,Authers,Donate 1495 gems,,2020-06-23
#PG0QC29YR,39,Roman,Lodin,Donate 574 gems,,2021-04-22
#2CYQJGCR,162,Sherlock,Buckett,Donate 708 gold,,2020-11-28
#82VJQ22VQ,147,Ora,Moffett,Donate 1426 gold,,2020-06-30
#8VLJPL8L2,164,Richmound,Armer,Donate 954 gold,113,2021-05-13
#PQ9C2V8LY,141,Cecile,Gammell,Donate 183 gems,192,2020-04-09
#Q0L92PQ2,4,Alexandre,Dartan,Donate 1062 gold,14,2020-09-26
#9JLQPU802,55,Sidoney,Kruse,Donate 699 gold,,2021-06-30
#8CC9JYG2,54,Ernestine,Perrott,Donate 1389 gems,,2019-04-21
#8PGU0R8JR,28,Templeton,Baiden,Donate 1486 gems,,2018-12-26
#2GJC9PR28,93,Ferdinanda,Colbourn,Donate 972 gold,,2019-02-27
#8L2GRYJ0P,28,Templeton,Baiden,Donate 1486 gems,,2021-10-18
#Y0C2RQ0U,113,Oliver,Bethel,Donate 376 gold,133,2021-08-26
#YC9GR0RGQ,72,Dorine,Camilleri,Donate 980 gold,,2021-05-23
#L2R22CP,185,Briano,Pamplin,Donate 823 gold,116,2019-09-11
#8L2GRYJ0P,112,Erastus,Flemming,Donate 177 gold,44,2021-06-21
#8RRCVCGP,159,Florry,Rainbow,Donate 897 gems,,2019-11-05
#8CJ2880VR,15,Izak,Killiner,Donate 1432 gems,,2019-12-25
#RC2UPGP8,199,Donovan,Schops,Donate 300 gems,,2020-08-05
#9P2LCUPU,155,Wyn,Kyteley,Donate 748 gold,78,2019-07-26
#PRU8Y0UQY,57,Andrus,Le Estut,Donate 231 gems,,2021-03-07
#PQLGJ90Y,9,Sharyl,Gimert,Donate 863 gold,,2019-11-29
#GVLGLJPL,107,Lynette,Kidman,Donate 667 gold,95,2019-02-10
#2RUL98URQ,56,Benita,Heinsen,Donate 617 gems,,2020-09-04
#PLL8Q9LVR,47,Melisandra,Franklin,Donate 1192 gems,13,2021-03-28
#2GVLPR28L,73,Hoyt,Shingfield,Donate 653 gems,,2019-08-21
#GGCQ8GQR,6,Dode,Delepine,Donate 53 gold,131,2020-05-30
#82UVCUR2R,150,Maggee,Noraway,Donate 852 gems,155,2021-08-10
#8982292LY,67,Vinny,Curtayne,Donate 104 gems,,2020-11-03
#GL9299QG,73,Hoyt,Shingfield,Donate 653 gems,,2020-02-27
#828L9RJG,53,Meagan,Shalliker,Donate 1040 gems,,2020-11-26
#PJC0QVC9U,84,Cindra,Farbrace,Donate 81 gold,,2020-09-05
#9Y2LCU0UV,197,Reginald,Lantry,Donate 771 gold,,2021-10-12
#2J08RPLQ8,98,Roberto,Aspinal,Donate 751 gold,,2020-04-29
#29Y8YPVLV,191,Regan,Clues,Donate 762 gold,,2019-01-21
#YYYJQ9JPR,125,Euphemia,Paynes,Donate 244 gold,,2020-02-10
#2QCPVQC0Y,197,Reginald,Lantry,Donate 771 gold,,2019-08-24
#UQJ9LUP,59,Emelia,Ismead,Donate 1231 gold,163,2019-02-20
#8QP9UPUPG,47,Melisandra,Franklin,Donate 1192 gems,13,2021-01-05
#2JL08GY0,60,Sherlocke,Fairs,Donate 504 gems,,2021-06-19
#2PUJ2URC,18,Brit,Primrose,Donate 98 gems,,2020-06-28
#VUUVPJUY,107,Lynette,Kidman,Donate 667 gold,95,2021-09-02
#LCCGJQJC,37,Augusto,Oertzen,Donate 47 gems,185,2019-06-10
#2GP88YU0,194,Patty,Driutti,Donate 1410 gold,41,2021-10-15
#RGJCUQ8R,140,Rusty,Helleker,Donate 255 gold,87,2019-03-04
#90YPUVL2,196,Carlyle,Kauble,Donate 901 gems,18,2019-10-15
#2YCJRP9Q0,140,Rusty,Helleker,Donate 255 gold,87,2019-05-07
#PCVRVLJCU,105,Lane,McIlhone,Donate 280 gold,110,2019-05-21
#PU9Y888V,57,Andrus,Le Estut,Donate 231 gems,,2020-10-15
#8Y0VL9C,58,Rriocard,Charity,Donate 291 gold,,2021-08-05
#8Y0LC0L08,79,Alta,Addinall,Donate 1385 gold,9,2021-04-10
#YLRVGPJP,46,Carmel,Kermitt,Donate 673 gems,,2019-10-08
#22PL82RRU,61,Marion,Mayor,Donate 845 gold,,2019-12-15
#R99UYRL,86,Laurie,Cross,Donate 887 gems,161,2021-11-18
#2220RUV9Y,75,Duane,Pickworth,Donate 782 gems,107,2019-04-26
#CYQQPUU2,12,Deerdre,Ballsdon,Donate 829 gems,140,2019-11-17
#JPL8QUG0,46,Carmel,Kermitt,Donate 673 gems,,2021-04-08
#9C2YV2RQ,16,Abra,O'Geneay,Donate 1310 gems,,2020-07-14
#2ULYLVQ,79,Alta,Addinall,Donate 1385 gold,9,2021-09-06
#P9P2GL8,94,Ali,Cooke,Donate 1334 gold,62,2020-04-24
#JP9JVC9Y,92,Adolphe,Pally,Donate 1000 gold,,2019-04-13
#8PYGPYJPR,70,Madelena,Jeffree,Donate 431 gems,148,2020-05-18
#2QCLLQ2G,145,Micheline,Franciotti,Donate 666 gems,,2018-12-11
#2ULYLVQ,114,Miran,Spillett,Donate 1317 gems,,2019-07-22
#28Y2V0C,181,Marrilee,McClunaghan,Donate 845 gold,,2019-12-09
#R8000P88,192,Freddie,Watmore,Donate 1272 gold,,2019-05-19
#QJJP0R8L,114,Miran,Spillett,Donate 1317 gems,,2019-07-09
#L82V9VVC,148,Rollie,Rose,Donate 640 gems,,2020-04-14
#9RJQ0YG9R,93,Ferdinanda,Colbourn,Donate 972 gold,,2020-07-03
#2QCLLQ2G,131,Zared,Kleinplatz,Donate 931 gold,,2020-04-18
#80UL9QQLY,192,Freddie,Watmore,Donate 1272 gold,,2021-10-25
#80LPYLGC,134,Fania,Rubinovitch,Donate 849 gold,40,2020-06-01
#2VV98UYP0,157,Romain,Bater,Donate 1470 gems,,2020-04-01
#L2UR0Y0J,170,Hugibert,Janczak,Donate 1293 gems,191,2019-01-21
#2YJCGYVQ8,116,Dionysus,Charity,Donate 549 gems,,2020-01-02
#9CCL0VU,21,Batholomew,Sibbons,Donate 23 gold,,2019-05-27
#L8YQLYV2,86,Laurie,Cross,Donate 887 gems,161,2020-06-07
#2PVJQC8Y,82,Cornall,Meeny,Donate 620 gems,95,2020-07-09
#8VUPVJ2R,169,Mattie,Wordsley,Donate 562 gems,115,2020-02-27
#CG2VJYP,111,Rickie,Hullbrook,Donate 1372 gold,93,2020-05-06
#2YV280Q0,117,Carlee,Blasetti,Donate 557 gems,,2021-10-13
#9GUULQJJ,177,Merci,Moxson,Donate 893 gems,9,2021-03-31
#Y9G2LLG02,6,Dode,Delepine,Donate 53 gold,131,2020-09-25
#CYRL0RY2,56,Benita,Heinsen,Donate 617 gems,,2021-01-06
#8R9YJYRYG,185,Briano,Pamplin,Donate 823 gold,116,2021-11-12
#9QC2Y0J8,200,Letizia,Arno,Donate 1160 gold,110,2019-11-04
#QJJP0R8L,96,Anneliese,Lightfoot,Donate 1060 gems,,2020-08-08
#8P00CJGY,42,Lu,Reeve,Donate 289 gems,,2020-09-05
#29VLJP0UC,157,Romain,Bater,Donate 1470 gems,,2020-06-01
#YJ8R2Y9L,66,Trace,Listone,Donate 673 gems,115,2021-07-21
#2GRUQP9VL,71,Asa,Birkenshaw,Donate 97 gems,,2019-10-18
#2PJQ0U9U,190,Lavena,Scarth,Donate 528 gold,,2019-07-13
#YCLCY0R,134,Fania,Rubinovitch,Donate 849 gold,40,2020-10-26
#2PUJ2URC,114,Miran,Spillett,Donate 1317 gems,,2021-08-11
#L00RCJYG2,58,Rriocard,Charity,Donate 291 gold,,2019-02-24
#28LGJ8RUR,16,Abra,O'Geneay,Donate 1310 gems,,2020-06-06
#2UJP2U2UP,98,Roberto,Aspinal,Donate 751 gold,,2021-02-19
#8VUPVJ2R,145,Micheline,Franciotti,Donate 666 gems,,2021-06-29
#9UVJP08QR,129,Cob,Thackeray,Donate 600 gems,,2020-06-24
#PLVU202JY,179,Craggie,McElwee,Donate 271 gems,,2020-10-09
#2QYUL0VCP,29,Biron,Dummer,Donate 390 gold,,2020-01-09
#889982CQY,130,Elmo,Gluyas,Donate 107 gems,150,2021-09-25
#P82UJJGLG,174,Josiah,Clulow,Donate 1074 gold,,2019-12-08
#RPJG28Q,146,Addie,Murphey,Donate 929 gems,,2019-11-17
#82L2VCV8,115,Dulce,Megarry,Donate 333 gems,107,2021-09-29
#R82Q0L2V,139,Tory,Spinella,Donate 783 gems,117,2019-01-18
#20CLG9VGL,199,Donovan,Schops,Donate 300 gems,,2021-07-10
#GJCC29PC,18,Brit,Primrose,Donate 98 gems,,2019-09-24
#2P2PCQ0JL,19,Bessy,Isaacson,Donate 1318 gold,43,2020-06-03
#J9LQGLL8,155,Wyn,Kyteley,Donate 748 gold,78,2020-08-25
#228J02890,93,Ferdinanda,Colbourn,Donate 972 gold,,2019-05-31
#89PL0YV,134,Fania,Rubinovitch,Donate 849 gold,40,2019-06-19
#YC9GR0RGQ,102,Bennett,Mattes,Donate 276 gems,,2020-05-24
#98UVV0,106,Avram,Thraves,Donate 557 gold,,2021-09-14
#8PCCYQVG,67,Vinny,Curtayne,Donate 104 gems,,2021-05-22
#2JUP20J9,21,Batholomew,Sibbons,Donate 23 gold,,2020-03-01
#20JV0JLGQ,199,Donovan,Schops,Donate 300 gems,,2021-04-20
#99P9VLCR2,105,Lane,McIlhone,Donate 280 gold,110,2021-06-02
#RC2UPGP8,66,Trace,Listone,Donate 673 gems,115,2021-02-26
#8088R0VP,81,Loutitia,Ashmore,Donate 719 gold,151,2021-02-22
#2U2JJ098Q,105,Lane,McIlhone,Donate 280 gold,110,2021-04-13
#PQGV0VCQQ,21,Batholomew,Sibbons,Donate 23 gold,,2020-12-10
#LCJ92UQJ,196,Carlyle,Kauble,Donate 901 gems,18,2020-09-13
#PLL8Q9LVR,139,Tory,Spinella,Donate 783 gems,117,2020-08-04
#2CVLVGVRL,62,Taryn,Foxhall,Donate 367 gems,,2021-06-24
#2VU9YGCGV,173,Valaree,Caesmans,Donate 1391 gems,,2020-04-26
#2VLY2CLPY,94,Ali,Cooke,Donate 1334 gold,62,2021-05-11
#UQJ9LUP,140,Rusty,Helleker,Donate 255 gold,87,2020-06-02
#8RRCVCGP,103,Hanna,Deares,Donate 988 gems,,2021-08-23
#8Y9QVU2QJ,74,Frasco,Cockren,Donate 41 gems,,2018-12-03
#YLQQGJ2Q,36,Tammi,Colgrave,Donate 632 gold,52,2020-02-28
#9Q90P0Y0,54,Ernestine,Perrott,Donate 1389 gems,,2019-11-01
#L2R22CP,132,Clarita,Morgen,Donate 535 gems,,2020-11-30
#PV209YR,40,Burlie,Larcombe,Donate 353 gold,,2021-11-12
#2YQP98L8R,120,Zeb,Dikle,Donate 1340 gold,145,2021-06-15
#YVJQQLPPR,77,Alysia,Harrow,Donate 102 gold,146,2019-03-03
#YU8CCU0Q,92,Adolphe,Pally,Donate 1000 gold,,2021-03-18
#8PGR0RPCU,137,Zollie,Fidell,Donate 898 gold,,2019-02-10
#8CC9JYG2,139,Tory,Spinella,Donate 783 gems,117,2019-06-08
#9UUC9L280,165,Mireielle,Durkin,Donate 589 gold,,2021-01-14
#V29RYRCC,139,Tory,Spinella,Donate 783 gems,117,2021-11-09
#LY00J89PJ,171,Holmes,Harnwell,Donate 1296 gold,,2020-04-11
#Y22PJ9V9J,12,Deerdre,Ballsdon,Donate 829 gems,140,2021-03-15
#89QYQL20G,90,Laurella,Lyffe,Donate 98 gems,182,2019-10-11
#2R80RVPP,106,Avram,Thraves,Donate 557 gold,,2019-04-25
#2CGUPJJU,79,Alta,Addinall,Donate 1385 gold,9,2020-06-15
#PCRRGRRCV,116,Dionysus,Charity,Donate 549 gems,,2020-07-09
#LJYU90R9Y,187,Dana,Tetla,Donate 954 gems,,2020-03-13
#2QLJPC2R0,126,Yorke,Prazor,Donate 708 gold,14,2021-11-01
#8282YYRL,25,Hephzibah,Kamall,Donate 491 gems,,2018-12-19
#880UQUUQC,18,Brit,Primrose,Donate 98 gems,,2020-06-04
#RGVRQU,163,Abe,Sackler,Donate 1128 gold,,2019-12-10
#9U0C0LRL9,54,Ernestine,Perrott,Donate 1389 gems,,2020-11-17
#8YRJ0928,187,Dana,Tetla,Donate 954 gems,,2019-09-26
#2PVJQC8Y,162,Sherlock,Buckett,Donate 708 gold,,2019-07-16
#2CRGVCU0,78,Hugh,Dziwisz,Donate 1067 gems,,2021-08-05
#9V0PQY2YG,114,Miran,Spillett,Donate 1317 gems,,2019-07-04
#2GQVLYV0U,182,Dell,Jude,Donate 920 gems,,2019-01-25
#29YPQLJG9,51,Tate,Sauvage,Donate 581 gems,94,2021-08-08
#8JG820YQG,119,Pauly,Gilgryst,Donate 149 gold,200,2019-01-15
#PV209YR,66,Trace,Listone,Donate 673 gems,115,2020-09-02
#2Y20C8U0C,123,Theo,Wolfers,Donate 210 gems,,2018-11-26
#92JCC8JUC,11,Lilyan,Gasnell,Donate 427 gold,,2021-07-19
#P89RY20Q,123,Theo,Wolfers,Donate 210 gems,,2020-01-15
#QUV8C89,60,Sherlocke,Fairs,Donate 504 gems,,2021-11-08
#28GG9QJPY,94,Ali,Cooke,Donate 1334 gold,62,2020-11-21
#CLRJ9999,7,Annalise,Reinisch,Donate 1191 gold,31,2020-11-24
#LP098UL8L,22,Beauregard,Blazevic,Donate 663 gold,17,2019-07-10
#2VRVVJL,199,Donovan,Schops,Donate 300 gems,,2021-04-22
#22Y0PU08,109,Winfield,Garaghan,Donate 1245 gold,,2019-06-18
#2UJ0RCCUQ,12,Deerdre,Ballsdon,Donate 829 gems,140,2018-12-14
#8982292LY,32,Abra,Dreng,Donate 1217 gems,79,2021-05-11
#8YPRCLPQ,23,Reese,Tembey,Donate 732 gems,,2021-01-04
#8982QVPQV,189,Gabey,Filipchikov,Donate 162 gold,,2019-08-14
#2LVG2C22U,9,Sharyl,Gimert,Donate 863 gold,,2020-07-31
#8YGR88JJC,195,Hester,Cruickshank,Donate 1134 gold,,2021-05-05
#LY00J89PJ,185,Briano,Pamplin,Donate 823 gold,116,2021-07-15
#2GP88YU0,101,Frank,Syfax,Donate 424 gems,46,2018-11-27
#J9V28UL9,167,Annabella,Chinnick,Donate 855 gems,86,2020-09-10
#280YVGJQU,196,Carlyle,Kauble,Donate 901 gems,18,2019-05-13
#2QYC8YLLG,150,Maggee,Noraway,Donate 852 gems,155,2019-11-30
#2CQV02CYR,182,Dell,Jude,Donate 920 gems,,2020-10-18
#PLLC2VG,168,Evvie,Shortin,Donate 1196 gems,,2020-07-20
#URL0222L,52,Claus,Piniur,Donate 293 gold,95,2020-05-25
#2YCJRP9Q0,168,Evvie,Shortin,Donate 1196 gems,,2019-07-17
#9VY20LY8,131,Zared,Kleinplatz,Donate 931 gold,,2019-02-17
#G82LPRJG,127,Misti,Winterbotham,Donate 1176 gems,187,2019-12-23
#8VLJPL8L2,107,Lynette,Kidman,Donate 667 gold,95,2019-12-25
#Q9PGVUY8,14,Jeane,Jarrard,Donate 416 gems,,2020-06-30
#2QYUL0VCP,185,Briano,Pamplin,Donate 823 gold,116,2020-05-11
#GCVVV8YR,54,Ernestine,Perrott,Donate 1389 gems,,2020-12-07
#228J02890,160,Tracie,Catlette,Donate 855 gems,102,2019-02-22
#228J02890,103,Hanna,Deares,Donate 988 gems,,2019-03-26
#22JY90CP0,176,Rozalin,Tapper,Donate 1462 gold,,2019-05-08
#9LYUG09,18,Brit,Primrose,Donate 98 gems,,2021-01-02
#YU9C2UGL,53,Meagan,Shalliker,Donate 1040 gems,,2020-03-05
#P8YLG882L,167,Annabella,Chinnick,Donate 855 gems,86,2018-12-15
#GVJLCYC,15,Izak,Killiner,Donate 1432 gems,,2020-02-07
#VUJYUJLY,9,Sharyl,Gimert,Donate 863 gold,,2020-10-17
#PJY90J9VL,29,Biron,Dummer,Donate 390 gold,,2019-09-05
#Y9Q2LQJ,63,Jed,Lanham,Donate 1119 gems,,2020-03-18
#80V0JULJ,8,Wainwright,Sodeau,Donate 1068 gems,,2020-10-11
#9UCG09099,113,Oliver,Bethel,Donate 376 gold,133,2021-11-02
#92RUJ8LPP,136,Jewelle,Poolton,Donate 1192 gems,,2021-07-29
#2UV9020RY,1,Jock,Southouse,Donate 832 gold,51,2021-05-03
#2VU9YGCGV,86,Laurie,Cross,Donate 887 gems,161,2019-05-13
#J9URJR90,171,Holmes,Harnwell,Donate 1296 gold,,2020-04-28
#90VLUCGVG,155,Wyn,Kyteley,Donate 748 gold,78,2018-12-26
#2GLLJ9QY,182,Dell,Jude,Donate 920 gems,,2021-07-14
#P02QYPQ8V,35,Tammi,Marchant,Donate 455 gold,,2020-01-09
#2LGUPRCJP,71,Asa,Birkenshaw,Donate 97 gems,,2019-06-24
#828200G2P,179,Craggie,McElwee,Donate 271 gems,,2019-04-23
#9RQ8YRYQL,26,Casey,Guise,Donate 497 gems,,2019-09-17
#9YU9R8J,192,Freddie,Watmore,Donate 1272 gold,,2021-11-23
#2L9VVLUR,116,Dionysus,Charity,Donate 549 gems,,2019-11-06
#2YCJRP9Q0,39,Roman,Lodin,Donate 574 gems,,2021-06-29
#99V99R2PV,177,Merci,Moxson,Donate 893 gems,9,2019-08-08
#PP0UG0CVC,20,Cinderella,Eckert,Donate 1474 gold,,2019-05-22
#92LRGLQ2C,10,Barbra,Fleischmann,Donate 174 gold,,2020-03-14
#2YQP98L8R,60,Sherlocke,Fairs,Donate 504 gems,,2021-06-26
#22Y89Q0LU,89,Angelique,Tosspell,Donate 511 gems,,2019-04-10
#8L000LJ9Y,37,Augusto,Oertzen,Donate 47 gems,185,2019-08-23
#2CUGV2Y98,171,Holmes,Harnwell,Donate 1296 gold,,2020-01-08
#8U2LRYGR,105,Lane,McIlhone,Donate 280 gold,110,2019-10-21
#2YCJRP9Q0,108,Margarita,Fraczak,Donate 1250 gold,,2019-12-22
#RQQQY2L28,160,Tracie,Catlette,Donate 855 gems,102,2020-09-20
#8UYL0GGU0,53,Meagan,Shalliker,Donate 1040 gems,,2020-10-29
#GY9Y8GLG,72,Dorine,Camilleri,Donate 980 gold,,2021-08-22
#8CJ2880VR,118,Neil,Kobpac,Donate 275 gems,,2020-07-13
#GGVRR8V2V,49,Zilvia,Cobelli,Donate 1013 gems,,2021-03-06
#2QRYYR8C,179,Craggie,McElwee,Donate 271 gems,,2019-05-30
#80U2Q9C9Q,106,Avram,Thraves,Donate 557 gold,,2020-08-29
#C2QCRP0J,79,Alta,Addinall,Donate 1385 gold,9,2021-09-29
#P29YGR98,21,Batholomew,Sibbons,Donate 23 gold,,2020-02-25
#CL08URJ,178,Irena,Plaide,Donate 146 gems,,2019-07-04
#JPQPPUJ,67,Vinny,Curtayne,Donate 104 gems,,2021-08-27
#RGVRQU,23,Reese,Tembey,Donate 732 gems,,2020-07-15
#20CLG9VGL,52,Claus,Piniur,Donate 293 gold,95,2019-01-01
#988RL92U,191,Regan,Clues,Donate 762 gold,,2020-12-20
#9JJ0G922G,102,Bennett,Mattes,Donate 276 gems,,2019-06-25
#8UL0P8LQ,192,Freddie,Watmore,Donate 1272 gold,,2020-02-01
#VY9J8ULV,177,Merci,Moxson,Donate 893 gems,9,2019-02-15
#8L2URCCR0,165,Mireielle,Durkin,Donate 589 gold,,2021-10-03
#8L000LJ9Y,19,Bessy,Isaacson,Donate 1318 gold,43,2021-01-11
#LYYQVJ0U,13,Shelagh,Balentyne,Donate 491 gems,,2020-03-30
#CYYVYRY,110,Vincents,Leathard,Donate 618 gold,10,2020-12-29
#90R22UVY,10,Barbra,Fleischmann,Donate 174 gold,,2020-08-09
#L92P8VU9V,53,Meagan,Shalliker,Donate 1040 gems,,2019-08-02
#820PRY28P,105,Lane,McIlhone,Donate 280 gold,110,2020-02-22
#L0L9VJLG9,32,Abra,Dreng,Donate 1217 gems,79,2021-01-26
#2L0CR9C0,92,Adolphe,Pally,Donate 1000 gold,,2020-10-04
#P02QYPQ8V,69,Lorne,Gilberthorpe,Donate 383 gold,,2020-03-22
#8088R0VP,125,Euphemia,Paynes,Donate 244 gold,,2021-07-27
#YRRLCVR9Y,158,Jimmy,Petschelt,Donate 1326 gems,,2019-04-15
#2P2PCQ0JL,100,Ira,Binding,Donate 608 gems,,2020-03-02
#G9GJYYJPU,4,Alexandre,Dartan,Donate 1062 gold,14,2020-03-27
#YC0JJ2PV,100,Ira,Binding,Donate 608 gems,,2019-06-17
#80U90RGV,133,Nicolis,Cornes,Donate 1447 gems,122,2020-06-17
#28CVU99UQ,114,Miran,Spillett,Donate 1317 gems,,2021-02-13
#2CVLVGVRL,139,Tory,Spinella,Donate 783 gems,117,2021-04-10
#80U90RGV,133,Nicolis,Cornes,Donate 1447 gems,122,2019-11-29
#2RQ89029J,74,Frasco,Cockren,Donate 41 gems,,2020-12-01
#G9GVYLQP,47,Melisandra,Franklin,Donate 1192 gems,13,2021-05-07
#P2RUVC9VR,117,Carlee,Blasetti,Donate 557 gems,,2021-02-26
#2YLCVUYYP,98,Roberto,Aspinal,Donate 751 gold,,2019-12-19
#G2RPJVRJ,183,Margarethe,Byas,Donate 1439 gold,162,2019-07-23
#8YRJ0928,128,Letisha,Vaney,Donate 1377 gold,,2020-12-17
#8ULGU0QG9,29,Biron,Dummer,Donate 390 gold,,2021-03-18
#LUGVG9PC,126,Yorke,Prazor,Donate 708 gold,14,2021-07-26
#2RLGQGLC,7,Annalise,Reinisch,Donate 1191 gold,31,2020-06-16
#UUY9VG09,4,Alexandre,Dartan,Donate 1062 gold,14,2020-07-06
#9YGJG8LP,183,Margarethe,Byas,Donate 1439 gold,162,2019-06-28
#8CJ2880VR,95,Gavra,Isson,Donate 1359 gold,189,2020-06-27
#288CUPUPP,52,Claus,Piniur,Donate 293 gold,95,2020-11-21
#LRUQQPVU,120,Zeb,Dikle,Donate 1340 gold,145,2019-12-25
#8982QVPQV,156,Shel,Twiggs,Donate 879 gems,,2021-05-15
#282UV0GQG,107,Lynette,Kidman,Donate 667 gold,95,2021-06-16
#YL098VV8P,61,Marion,Mayor,Donate 845 gold,,2019-06-08
#2YP2UJJ0U,120,Zeb,Dikle,Donate 1340 gold,145,2021-05-09
#YVCPCRR,42,Lu,Reeve,Donate 289 gems,,2021-05-05
#YC9GR0RGQ,114,Miran,Spillett,Donate 1317 gems,,2018-11-26
#22RPYRV99,76,Mattheus,Spinige,Donate 1303 gems,49,2020-09-06
#9PRCYU8U,199,Donovan,Schops,Donate 300 gems,,2019-01-30
#C82Q9U,94,Ali,Cooke,Donate 1334 gold,62,2019-12-04
#J002G8UV,89,Angelique,Tosspell,Donate 511 gems,,2020-02-09
#2YJCGYVQ8,197,Reginald,Lantry,Donate 771 gold,,2019-03-09
#90PUP92J,1,Jock,Southouse,Donate 832 gold,51,2021-04-29
#9UCG09099,134,Fania,Rubinovitch,Donate 849 gold,40,2019-07-23
#R99YPV2Y,31,Helyn,Corhard,Donate 1335 gems,54,2021-02-08
#9PYJVPPLV,23,Reese,Tembey,Donate 732 gems,,2020-01-25
#LRYQU2V,64,Florian,Genty,Donate 488 gems,,2020-05-24
#820UJQUYY,92,Adolphe,Pally,Donate 1000 gold,,2019-02-17
#YG9UL29R0,129,Cob,Thackeray,Donate 600 gems,,2019-01-31
#28LUR080P,13,Shelagh,Balentyne,Donate 491 gems,,2020-08-21
#CJJVYY28,122,Bryan,Eccleston,Donate 1047 gems,,2021-08-05
#GY2VG2U0,65,Royall,Peacher,Donate 397 gold,,2019-03-11
#9CCL0VU,172,Kelvin,Guilbert,Donate 758 gold,,2019-03-02
#G2RPJVRJ,72,Dorine,Camilleri,Donate 980 gold,,2019-03-29
#P8YLG882L,94,Ali,Cooke,Donate 1334 gold,62,2020-04-11
#L98JYVL,180,Meier,Ashfull,Donate 594 gems,82,2021-01-03
#2PPRU8QU0,60,Sherlocke,Fairs,Donate 504 gems,,2020-03-24
#LRYQU2V,198,Garrik,Canepe,Donate 1035 gold,,2021-04-21
#9C2YV2RQ,165,Mireielle,Durkin,Donate 589 gold,,2019-11-07
#U9PU9LQV,64,Florian,Genty,Donate 488 gems,,2019-12-07
#20YGVQR0R,41,Katey,Hinchon,Donate 352 gold,,2019-07-28
#22Y89Q0LU,70,Madelena,Jeffree,Donate 431 gems,148,2020-08-20
#P8C8JRV,174,Josiah,Clulow,Donate 1074 gold,,2020-12-23
#80J0P829U,51,Tate,Sauvage,Donate 581 gems,94,2020-02-12
#2PV0VYGLV,81,Loutitia,Ashmore,Donate 719 gold,151,2020-04-19
#2CQG98PP0,30,Monah,Alldread,Donate 616 gems,,2020-09-30
#2R98U2C9C,168,Evvie,Shortin,Donate 1196 gems,,2019-02-09
#Y2PULV0LV,92,Adolphe,Pally,Donate 1000 gold,,2021-08-03
#YYJUJUQG,57,Andrus,Le Estut,Donate 231 gems,,2018-12-30
#8LULYQ82Q,11,Lilyan,Gasnell,Donate 427 gold,,2021-06-20
#98UCCVRRJ,191,Regan,Clues,Donate 762 gold,,2020-01-21
#QV2PYL,112,Erastus,Flemming,Donate 177 gold,44,2019-12-17
#P8YUYYGPQ,186,Petey,Kenington,Donate 1009 gems,,2021-07-15
#82G9G90Y9,82,Cornall,Meeny,Donate 620 gems,95,2020-02-11
#8YRGR00G,171,Holmes,Harnwell,Donate 1296 gold,,2020-03-26
#CYRL0RY2,161,Birgitta,Tippin,Donate 1435 gold,,2019-05-11
#JVJGJLVC,75,Duane,Pickworth,Donate 782 gems,107,2019-06-09
#PP2GQ88U,49,Zilvia,Cobelli,Donate 1013 gems,,2020-10-27
#2R80RVPP,33,Roma,Zecchinelli,Donate 336 gems,198,2021-05-26
#VY9J8ULV,85,Madison,Mullen,Donate 563 gems,63,2020-01-25
#9RGPC2GG,162,Sherlock,Buckett,Donate 708 gold,,2019-11-02
#UUQQJ2U0,69,Lorne,Gilberthorpe,Donate 383 gold,,2020-07-18
#PLVU202JY,32,Abra,Dreng,Donate 1217 gems,79,2019-07-17
#V29RYRCC,198,Garrik,Canepe,Donate 1035 gold,,2019-12-31
#P8YUYYGPQ,155,Wyn,Kyteley,Donate 748 gold,78,2019-01-17
#YG2UVPPRQ,1,Jock,Southouse,Donate 832 gold,51,2020-06-01
#VPC9RRQ,107,Lynette,Kidman,Donate 667 gold,95,2019-07-01
#GGVRR8V2V,123,Theo,Wolfers,Donate 210 gems,,2019-03-07
#8UL0P8LQ,48,Eduardo,Winskill,Donate 217 gold,,2019-11-24
#8YL988LL8,152,Marielle,Justice,Donate 1142 gold,192,2020-02-26
#J8QPJY8Q,170,Hugibert,Janczak,Donate 1293 gems,191,2021-11-05
#988RL92U,82,Cornall,Meeny,Donate 620 gems,95,2021-10-12
#998LUCJC,200,Letizia,Arno,Donate 1160 gold,110,2020-08-20
#8088R0VP,47,Melisandra,Franklin,Donate 1192 gems,13,2021-01-30
#22UCVR0CL,166,Bernadine,Hutchence,Donate 452 gold,174,2019-08-03
#LP8YG2RP,100,Ira,Binding,Donate 608 gems,,2020-08-17
#Q0CPPQC9Q,125,Euphemia,Paynes,Donate 244 gold,,2020-08-07
#YQ9QYJGP,74,Frasco,Cockren,Donate 41 gems,,2019-12-11
#222VRRYJ,19,Bessy,Isaacson,Donate 1318 gold,43,2019-12-19
#PCC2V0CV2,190,Lavena,Scarth,Donate 528 gold,,2021-11-05
#28CVU99UQ,130,Elmo,Gluyas,Donate 107 gems,150,2020-08-25
#L2UR0Y0J,192,Freddie,Watmore,Donate 1272 gold,,2021-11-11
#8UJQPR22,186,Petey,Kenington,Donate 1009 gems,,2020-08-13
#29VGUQL00,70,Madelena,Jeffree,Donate 431 gems,148,2021-04-24
#2C098VPL,154,Darill,Yarker,Donate 1222 gold,116,2020-06-17
#28PQ9GJG9,175,Wat,Deighan,Donate 236 gold,27,2020-01-03
#Y2LJYGUP,12,Deerdre,Ballsdon,Donate 829 gems,140,2021-01-03
#8J2PRR9Y,99,Camila,Jamblin,Donate 1281 gems,157,2020-10-10
#Q89VPVUP8,30,Monah,Alldread,Donate 616 gems,,2020-07-07
#YL9CCGU2V,73,Hoyt,Shingfield,Donate 653 gems,,2021-03-28
#VY9J8ULV,157,Romain,Bater,Donate 1470 gems,,2019-05-29
#9Q8UCU0Q0,92,Adolphe,Pally,Donate 1000 gold,,2020-08-24
#P8QP0LUPV,140,Rusty,Helleker,Donate 255 gold,87,2020-06-25
#L09YGU9,124,Tiffi,Authers,Donate 1495 gems,,2021-04-01
#P8J2V2CQ,64,Florian,Genty,Donate 488 gems,,2020-12-17
#8CC9JYG2,144,Archibold,Okker,Donate 350 gold,,2020-07-30
#YU28V0LP,103,Hanna,Deares,Donate 988 gems,,2019-11-21
#9QULGU02,10,Barbra,Fleischmann,Donate 174 gold,,2020-01-27
#9RJQ0YG9R,14,Jeane,Jarrard,Donate 416 gems,,2019-07-26
#Q9GV0Y8Y,62,Taryn,Foxhall,Donate 367 gems,,2018-12-17
#2LGUPRCJP,107,Lynette,Kidman,Donate 667 gold,95,2021-07-27
#PG9CR2RC,174,Josiah,Clulow,Donate 1074 gold,,2021-04-02
#9QY0RR29,52,Claus,Piniur,Donate 293 gold,95,2019-12-01
#8UQVQ02G,101,Frank,Syfax,Donate 424 gems,46,2021-09-05
#888ULGY,148,Rollie,Rose,Donate 640 gems,,2020-02-05
#80J0P829U,38,Roma,Grubey,Donate 720 gems,,2020-03-31
#20RJCRLL9,127,Misti,Winterbotham,Donate 1176 gems,187,2020-04-18
#8QR8V08YG,144,Archibold,Okker,Donate 350 gold,,2019-02-15
#LLGPYL2G,81,Loutitia,Ashmore,Donate 719 gold,151,2020-06-11
#VGR9CL0G,108,Margarita,Fraczak,Donate 1250 gold,,2020-01-10
#8YYYUVRQ,200,Letizia,Arno,Donate 1160 gold,110,2020-08-29
#22VYU02RR,101,Frank,Syfax,Donate 424 gems,46,2019-04-24
#892P2JPGY,149,Dorelle,Joontjes,Donate 129 gems,,2018-12-08
#8YPRCLPQ,165,Mireielle,Durkin,Donate 589 gold,,2019-10-09
#Y0JVJL9P,128,Letisha,Vaney,Donate 1377 gold,,2019-10-15
#2V9LQ2YUG,32,Abra,Dreng,Donate 1217 gems,79,2021-07-02
#2VC0RUVVR,174,Josiah,Clulow,Donate 1074 gold,,2019-03-31
#2QCLLQ2G,33,Roma,Zecchinelli,Donate 336 gems,198,2019-06-07
#8C8QJR9JG,186,Petey,Kenington,Donate 1009 gems,,2021-07-08
#2Y20C8U0C,28,Templeton,Baiden,Donate 1486 gems,,2020-12-20
#UJVJJ0LU,52,Claus,Piniur,Donate 293 gold,95,2020-08-16
#C0PPG0,106,Avram,Thraves,Donate 557 gold,,2021-08-11
#2QCPVQC0Y,189,Gabey,Filipchikov,Donate 162 gold,,2020-07-05
#8PGR0RPCU,114,Miran,Spillett,Donate 1317 gems,,2019-01-02
#92P8RR8LP,40,Burlie,Larcombe,Donate 353 gold,,2021-07-18
#JLCJCUPJ,117,Carlee,Blasetti,Donate 557 gems,,2020-11-28
#29C2U2QPP,87,David,Forrington,Donate 218 gems,,2020-05-17
#2RQ89029J,195,Hester,Cruickshank,Donate 1134 gold,,2018-12-07
#22R2JCR2C,199,Donovan,Schops,Donate 300 gems,,2019-07-22
#PP2GQ88U,179,Craggie,McElwee,Donate 271 gems,,2020-03-07
#2GQVLYV0U,55,Sidoney,Kruse,Donate 699 gold,,2021-10-16
#928UL0RR,132,Clarita,Morgen,Donate 535 gems,,2019-07-29
#2QYC8YLLG,116,Dionysus,Charity,Donate 549 gems,,2020-06-06
#82R8VJGGR,136,Jewelle,Poolton,Donate 1192 gems,,2019-02-24
#82VJQ22VQ,184,Shantee,Turri,Donate 326 gems,,2019-10-03
#LRCPJCGP,149,Dorelle,Joontjes,Donate 129 gems,,2019-09-14
#20L8Y9QY,6,Dode,Delepine,Donate 53 gold,131,2020-08-30
#2VLPYG0RL,76,Mattheus,Spinige,Donate 1303 gems,49,2019-12-01
#PJG9RLQC,126,Yorke,Prazor,Donate 708 gold,14,2020-11-24
#RGJCUQ8R,18,Brit,Primrose,Donate 98 gems,,2020-04-28
#GUQV2YCY,167,Annabella,Chinnick,Donate 855 gems,86,2021-02-21
#CCQCU90L,6,Dode,Delepine,Donate 53 gold,131,2021-05-10
#QPQVLYJJ,70,Madelena,Jeffree,Donate 431 gems,148,2018-11-27
#2LGUPRCJP,11,Lilyan,Gasnell,Donate 427 gold,,2020-06-30
#8PV2R08L,93,Ferdinanda,Colbourn,Donate 972 gold,,2020-12-27
#9RG0VPUVY,137,Zollie,Fidell,Donate 898 gold,,2020-03-11
#GPP2YLL8,160,Tracie,Catlette,Donate 855 gems,102,2021-05-21
#Y0P8RQ89,100,Ira,Binding,Donate 608 gems,,2019-10-10
#YYJUJUQG,69,Lorne,Gilberthorpe,Donate 383 gold,,2021-06-09
#8Y9VPLLYC,115,Dulce,Megarry,Donate 333 gems,107,2020-04-03
#GVJLCYC,164,Richmound,Armer,Donate 954 gold,113,2021-07-12
#98UVV0,37,Augusto,Oertzen,Donate 47 gems,185,2020-12-18
#2QCUGCPQ,175,Wat,Deighan,Donate 236 gold,27,2020-08-29
#8YPURJVLP,126,Yorke,Prazor,Donate 708 gold,14,2019-04-26
#PG0QC29YR,58,Rriocard,Charity,Donate 291 gold,,2021-09-08
#80V0290C8,51,Tate,Sauvage,Donate 581 gems,94,2021-05-02
#2YUVY0JL0,131,Zared,Kleinplatz,Donate 931 gold,,2019-01-31
#PJLCL9YUQ,159,Florry,Rainbow,Donate 897 gems,,2020-02-15
#29VQ2G8G,131,Zared,Kleinplatz,Donate 931 gold,,2020-02-06
#C2QCRP0J,121,Shir,Shipman,Donate 80 gems,,2019-04-15
#8PYGPYJPR,39,Roman,Lodin,Donate 574 gems,,2019-07-05
#88C9PLVYL,32,Abra,Dreng,Donate 1217 gems,79,2020-07-15
#229P2QYL0,87,David,Forrington,Donate 218 gems,,2021-11-23
#82L2VCV8,44,Nixie,Beevis,Donate 505 gems,60,2020-11-13
#2QCPVQC0Y,76,Mattheus,Spinige,Donate 1303 gems,49,2019-01-07
#YYC9U9JUV,72,Dorine,Camilleri,Donate 980 gold,,2020-12-23
#9VY020RQV,159,Florry,Rainbow,Donate 897 gems,,2021-09-02
#QV2PYL,59,Emelia,Ismead,Donate 1231 gold,163,2021-01-21
#9JCVVGU9P,56,Benita,Heinsen,Donate 617 gems,,2021-02-09
#QVQPJCQR,34,Lotte,Duckels,Donate 311 gems,,2019-12-10
#L00C8Y9Q2,143,Adriena,Linthead,Donate 434 gold,122,2019-10-01
#90LUGG9GJ,59,Emelia,Ismead,Donate 1231 gold,163,2020-07-29
#2PYUQL2VG,71,Asa,Birkenshaw,Donate 97 gems,,2019-08-05
#88U0V8C,92,Adolphe,Pally,Donate 1000 gold,,2021-11-19
#2LYPPG0Y2,126,Yorke,Prazor,Donate 708 gold,14,2019-05-07
#8GL2CRGLR,124,Tiffi,Authers,Donate 1495 gems,,2021-03-02
#L82V9VVC,22,Beauregard,Blazevic,Donate 663 gold,17,2021-10-30
#2G0JP98QR,103,Hanna,Deares,Donate 988 gems,,2019-05-17
#GQPRJCUU,9,Sharyl,Gimert,Donate 863 gold,,2021-05-10
#GGL90Q9J,64,Florian,Genty,Donate 488 gems,,2021-07-09
#2JUPU0LPV,181,Marrilee,McClunaghan,Donate 845 gold,,2020-07-15
#28QPY8JRY,48,Eduardo,Winskill,Donate 217 gold,,2019-07-29
#2929RVQQY,95,Gavra,Isson,Donate 1359 gold,189,2020-07-25
#8PCGQPV9P,43,Kareem,Burtwell,Donate 1402 gems,194,2019-12-28
#J2PVLP8J,120,Zeb,Dikle,Donate 1340 gold,145,2019-12-20
#PP2YY2RG,165,Mireielle,Durkin,Donate 589 gold,,2021-05-04
#GVLGLJPL,51,Tate,Sauvage,Donate 581 gems,94,2020-01-14
#P29CCURC,133,Nicolis,Cornes,Donate 1447 gems,122,2021-09-16
#J8J0Q20Y,11,Lilyan,Gasnell,Donate 427 gold,,2019-01-22
#9P2JPCY9U,131,Zared,Kleinplatz,Donate 931 gold,,2020-11-19
#88VR0GVPL,104,Ansel,Hammant,Donate 37 gems,46,2021-05-25
#8YGVPR9Y0,68,Maudie,Almond,Donate 75 gems,,2020-07-14
#PG0PLRC,47,Melisandra,Franklin,Donate 1192 gems,13,2020-09-13
#LR89LRRVJ,171,Holmes,Harnwell,Donate 1296 gold,,2019-08-11
#LQ9J02P,15,Izak,Killiner,Donate 1432 gems,,2019-06-15
#8YULR0QR,51,Tate,Sauvage,Donate 581 gems,94,2021-07-11
#9C9G9GP,56,Benita,Heinsen,Donate 617 gems,,2020-04-12
#2PV0VYGLV,162,Sherlock,Buckett,Donate 708 gold,,2021-06-01
#9L2GV8VUC,164,Richmound,Armer,Donate 954 gold,113,2020-09-14
#YVPYVV9V,73,Hoyt,Shingfield,Donate 653 gems,,2020-09-16
#U99C2JVG,93,Ferdinanda,Colbourn,Donate 972 gold,,2019-06-17
#2VURRCG90,162,Sherlock,Buckett,Donate 708 gold,,2019-02-17
#2UGR22RCP,98,Roberto,Aspinal,Donate 751 gold,,2021-08-25
#CJJVYY28,175,Wat,Deighan,Donate 236 gold,27,2019-03-01
#2YUQCC8YV,88,Alasteir,Goundsy,Donate 207 gems,,2021-10-04
#22Y0PU08,176,Rozalin,Tapper,Donate 1462 gold,,2021-04-04
#QGLQC2YYG,87,David,Forrington,Donate 218 gems,,2020-02-16
#P88PQJ2UV,124,Tiffi,Authers,Donate 1495 gems,,2020-12-20
#8LULYQ82Q,166,Bernadine,Hutchence,Donate 452 gold,174,2021-09-28
#9RR9ULL99,61,Marion,Mayor,Donate 845 gold,,2020-10-03
#8YVYGCP,114,Miran,Spillett,Donate 1317 gems,,2020-06-22
#GUJ2PLG89,169,Mattie,Wordsley,Donate 562 gems,115,2020-06-05
#2PJQ0U9U,97,Lonny,Tumielli,Donate 1342 gold,,2019-05-25
#PCPGJ8J0,1,Jock,Southouse,Donate 832 gold,51,2020-11-04
#YVPYVV9V,3,Hube,Hindenberger,Donate 1324 gems,134,2018-12-04
#9PYJVPPLV,41,Katey,Hinchon,Donate 352 gold,,2020-05-23
#8RVQVVV2,17,Granthem,Hostan,Donate 239 gold,,2021-08-07
#828JLGVYC,165,Mireielle,Durkin,Donate 589 gold,,2020-07-21
#VGR9CL0G,115,Dulce,Megarry,Donate 333 gems,107,2018-12-16
#80V8U9U0J,68,Maudie,Almond,Donate 75 gems,,2021-05-29
#2PVCG9GQ,126,Yorke,Prazor,Donate 708 gold,14,2019-08-05
#29UJ9Q99,65,Royall,Peacher,Donate 397 gold,,2020-02-20
#QUV8C89,150,Maggee,Noraway,Donate 852 gems,155,2021-01-09
#80VGYGQL,1,Jock,Southouse,Donate 832 gold,51,2019-10-03
#9P8220PUU,131,Zared,Kleinplatz,Donate 931 gold,,2021-10-22
#28PQ9GJG9,83,Georgy,O'Reilly,Donate 448 gold,153,2020-08-14
#PQGV0VCQQ,61,Marion,Mayor,Donate 845 gold,,2021-04-27
#202C2CU0U,103,Hanna,Deares,Donate 988 gems,,2021-07-15
#2PCYY2QCP,168,Evvie,Shortin,Donate 1196 gems,,2021-10-30
#2J08RPLQ8,68,Maudie,Almond,Donate 75 gems,,2021-08-08
#99QVP8J8Q,132,Clarita,Morgen,Donate 535 gems,,2019-10-05
#22R2JCR2C,49,Zilvia,Cobelli,Donate 1013 gems,,2019-09-21
#C8U9GRVY,127,Misti,Winterbotham,Donate 1176 gems,187,2020-05-17
#PR009PUL,122,Bryan,Eccleston,Donate 1047 gems,,2020-07-24
#R8000P88,14,Jeane,Jarrard,Donate 416 gems,,2019-12-12
#92RUJ8LPP,6,Dode,Delepine,Donate 53 gold,131,2019-09-24
#2Y8LPPUG8,188,Ellary,De Lasci,Donate 899 gold,,2019-12-02
#PJ08LLCYV,40,Burlie,Larcombe,Donate 353 gold,,2021-03-01
#L8YQLYV2,159,Florry,Rainbow,Donate 897 gems,,2018-12-06
#2UVUR2YPP,105,Lane,McIlhone,Donate 280 gold,110,2020-08-13
#2Q92P0P2,176,Rozalin,Tapper,Donate 1462 gold,,2019-03-04
#8L2GRYJ0P,171,Holmes,Harnwell,Donate 1296 gold,,2020-08-31
#PC0YY98G,1,Jock,Southouse,Donate 832 gold,51,2020-12-16
#VVQ9GU,42,Lu,Reeve,Donate 289 gems,,2021-05-07
#PC9JLQR,9,Sharyl,Gimert,Donate 863 gold,,2020-07-19
#2L0V2YQUY,198,Garrik,Canepe,Donate 1035 gold,,2019-06-27
#VPUQYUY,5,Barnaby,Mattiello,Donate 38 gems,,2020-12-30
#82L2VCV8,66,Trace,Listone,Donate 673 gems,115,2021-05-04
#8PQ9QCPL,173,Valaree,Caesmans,Donate 1391 gems,,2021-10-07
#9289JQPV9,78,Hugh,Dziwisz,Donate 1067 gems,,2020-09-26
#2YP2UJJ0U,136,Jewelle,Poolton,Donate 1192 gems,,2019-08-24
#2UY8GVQ2,155,Wyn,Kyteley,Donate 748 gold,78,2020-03-27
#2QY9CYJVY,131,Zared,Kleinplatz,Donate 931 gold,,2020-12-09
#GJJ2Y098J,56,Benita,Heinsen,Donate 617 gems,,2020-02-04
#LY8R8RY9,30,Monah,Alldread,Donate 616 gems,,2020-09-11
#8YL988LL8,90,Laurella,Lyffe,Donate 98 gems,182,2019-03-29
#2CR88V0,64,Florian,Genty,Donate 488 gems,,2019-10-04
#89LY9LU2Y,77,Alysia,Harrow,Donate 102 gold,146,2020-10-20
#2PUR2R89L,100,Ira,Binding,Donate 608 gems,,2019-01-15
#8L200J88G,6,Dode,Delepine,Donate 53 gold,131,2019-07-15
#J8R89YC8,75,Duane,Pickworth,Donate 782 gems,107,2019-11-12
#JLCJCUPJ,14,Jeane,Jarrard,Donate 416 gems,,2019-06-15
#YQ9QYJGP,161,Birgitta,Tippin,Donate 1435 gold,,2020-02-16
#RQCUUP2,109,Winfield,Garaghan,Donate 1245 gold,,2020-01-07
#PJJURULY,155,Wyn,Kyteley,Donate 748 gold,78,2019-01-10
#2L2QGJQQ,124,Tiffi,Authers,Donate 1495 gems,,2020-09-05
#22Y0PU08,174,Josiah,Clulow,Donate 1074 gold,,2020-07-04
#20JYUJGPQ,126,Yorke,Prazor,Donate 708 gold,14,2019-03-31
#R82VQ90R,27,Suzie,Uc,Donate 1500 gems,178,2018-12-27
#QVC8PGUG,172,Kelvin,Guilbert,Donate 758 gold,,2021-01-06
#20RGU0LG0,161,Birgitta,Tippin,Donate 1435 gold,,2021-07-19
#8ULGU0QG9,71,Asa,Birkenshaw,Donate 97 gems,,2020-04-21
#8C9RQYV2J,4,Alexandre,Dartan,Donate 1062 gold,14,2020-02-14
#YVPYVV9V,89,Angelique,Tosspell,Donate 511 gems,,2019-05-28
#9Y9Y80,30,Monah,Alldread,Donate 616 gems,,2020-01-05
#PRU8Y0UQY,11,Lilyan,Gasnell,Donate 427 gold,,2019-07-10
#2YVQQPQJL,99,Camila,Jamblin,Donate 1281 gems,157,2021-10-07
#9PUUCCY9J,14,Jeane,Jarrard,Donate 416 gems,,2020-02-19
#RL88PYRG,109,Winfield,Garaghan,Donate 1245 gold,,2020-08-15
#9RLJ2CG8,89,Angelique,Tosspell,Donate 511 gems,,2020-02-13
#99QVP8J8Q,146,Addie,Murphey,Donate 929 gems,,2019-11-18
#G9GVYLQP,180,Meier,Ashfull,Donate 594 gems,82,2019-03-12
#8VUPVJ2R,31,Helyn,Corhard,Donate 1335 gems,54,2020-04-15
#2YCJRP9Q0,25,Hephzibah,Kamall,Donate 491 gems,,2020-10-17
#PCRRR2VV,84,Cindra,Farbrace,Donate 81 gold,,2020-08-17
#2UJ0RCCUQ,122,Bryan,Eccleston,Donate 1047 gems,,2019-10-28
#P9L2UGPR,155,Wyn,Kyteley,Donate 748 gold,78,2021-02-28
#2GPURRRCG,89,Angelique,Tosspell,Donate 511 gems,,2020-06-03
#YP2YJJJ2,51,Tate,Sauvage,Donate 581 gems,94,2019-02-13
#LQJUP2VUG,92,Adolphe,Pally,Donate 1000 gold,,2020-05-15
#9YUUVJ08G,200,Letizia,Arno,Donate 1160 gold,110,2020-10-01
#9CCL0VU,78,Hugh,Dziwisz,Donate 1067 gems,,2019-04-03
#PCY2PV8LG,177,Merci,Moxson,Donate 893 gems,9,2021-09-02
#2YC9QC8L9,190,Lavena,Scarth,Donate 528 gold,,2020-07-17
#C8U9GRVY,173,Valaree,Caesmans,Donate 1391 gems,,2020-02-13
#8C8QJR9JG,33,Roma,Zecchinelli,Donate 336 gems,198,2021-09-01
#9PYJVPPLV,57,Andrus,Le Estut,Donate 231 gems,,2019-11-11
#J98092U9,70,Madelena,Jeffree,Donate 431 gems,148,2020-09-29
#YRRLCVR9Y,61,Marion,Mayor,Donate 845 gold,,2021-04-03
#2CQG98PP0,184,Shantee,Turri,Donate 326 gems,,2019-06-16
#90UJPLCQQ,68,Maudie,Almond,Donate 75 gems,,2020-11-15
#2PR28G2,61,Marion,Mayor,Donate 845 gold,,2020-09-20
#2YVQQPQJL,91,Xena,Weson,Donate 400 gold,133,2019-11-30
#8YRGR00G,1,Jock,Southouse,Donate 832 gold,51,2020-05-05
#Q89VPVUP8,41,Katey,Hinchon,Donate 352 gold,,2020-02-29
#92VY9UPG,179,Craggie,McElwee,Donate 271 gems,,2020-12-28
#80VGYGQL,71,Asa,Birkenshaw,Donate 97 gems,,2021-10-19
#2GJ0R2RL9,60,Sherlocke,Fairs,Donate 504 gems,,2020-12-09
#JY9JLYRR,130,Elmo,Gluyas,Donate 107 gems,150,2021-07-05
#PG9CR2RC,176,Rozalin,Tapper,Donate 1462 gold,,2020-09-30
#UG8YP2YU,128,Letisha,Vaney,Donate 1377 gold,,2021-07-16
#9QLU9UJ2R,7,Annalise,Reinisch,Donate 1191 gold,31,2021-02-25
#2GVLPR28L,103,Hanna,Deares,Donate 988 gems,,2021-10-25
#98CPJ2PQ,91,Xena,Weson,Donate 400 gold,133,2021-04-12
#LCJ92UQJ,143,Adriena,Linthead,Donate 434 gold,122,2020-02-23
#9QLL8QQQ,77,Alysia,Harrow,Donate 102 gold,146,2021-07-04
#2LVG2C22U,25,Hephzibah,Kamall,Donate 491 gems,,2019-10-19
#CJRGGCC8,177,Merci,Moxson,Donate 893 gems,9,2020-11-20
#RYRGV0CY,40,Burlie,Larcombe,Donate 353 gold,,2019-03-04
#8PCCYQVG,20,Cinderella,Eckert,Donate 1474 gold,,2021-05-17
#2P8RV9UQ,23,Reese,Tembey,Donate 732 gems,,2019-12-05
#JP9JVC9Y,115,Dulce,Megarry,Donate 333 gems,107,2019-07-20
#UUY9VG09,53,Meagan,Shalliker,Donate 1040 gems,,2020-02-10
#UCRG8GGL,64,Florian,Genty,Donate 488 gems,,2019-09-23
#9YJ08GG08,33,Roma,Zecchinelli,Donate 336 gems,198,2019-01-04
#YP2YJJJ2,147,Ora,Moffett,Donate 1426 gold,,2020-06-28
#8YRYV80,61,Marion,Mayor,Donate 845 gold,,2019-10-23
#2QULVQPRG,22,Beauregard,Blazevic,Donate 663 gold,17,2019-04-30
#Y8G9CU2LV,199,Donovan,Schops,Donate 300 gems,,2019-02-09
#P2CLCV8,177,Merci,Moxson,Donate 893 gems,9,2021-01-28
#8PRGRYPCC,47,Melisandra,Franklin,Donate 1192 gems,13,2020-10-22
#YG9UL29R0,17,Granthem,Hostan,Donate 239 gold,,2019-05-29
#8P28UP0J8,99,Camila,Jamblin,Donate 1281 gems,157,2019-02-15
#PV8LRVCJU,160,Tracie,Catlette,Donate 855 gems,102,2021-04-15
#RQQQY2L28,130,Elmo,Gluyas,Donate 107 gems,150,2020-11-21
#UCC8QQPU,67,Vinny,Curtayne,Donate 104 gems,,2021-05-21
#2C90R29P9,165,Mireielle,Durkin,Donate 589 gold,,2021-01-01
#22QUQG09C,69,Lorne,Gilberthorpe,Donate 383 gold,,2020-11-18
#P2CLCV8,73,Hoyt,Shingfield,Donate 653 gems,,2021-10-14
#J9URJR90,105,Lane,McIlhone,Donate 280 gold,110,2021-07-02
#Q0CPPQC9Q,109,Winfield,Garaghan,Donate 1245 gold,,2021-10-22
#90JYC28PR,150,Maggee,Noraway,Donate 852 gems,155,2020-12-31
#9GVYCJPG,46,Carmel,Kermitt,Donate 673 gems,,2021-11-23
#2220RUV9Y,61,Marion,Mayor,Donate 845 gold,,2018-12-30
#2929RVQQY,65,Royall,Peacher,Donate 397 gold,,2021-09-21
#22R2JCR2C,159,Florry,Rainbow,Donate 897 gems,,2020-05-31
#PLLC2VG,98,Roberto,Aspinal,Donate 751 gold,,2020-11-25
#92V2VRCVQ,79,Alta,Addinall,Donate 1385 gold,9,2019-03-22
#2LVG2C22U,182,Dell,Jude,Donate 920 gems,,2019-08-19
#89QYQL20G,5,Barnaby,Mattiello,Donate 38 gems,,2019-05-16
#2YP2UJJ0U,121,Shir,Shipman,Donate 80 gems,,2021-03-30
#2LGUPRCJP,106,Avram,Thraves,Donate 557 gold,,2021-04-29
#P8YQU9LL2,61,Marion,Mayor,Donate 845 gold,,2019-10-11
#8QPCGVP2Y,46,Carmel,Kermitt,Donate 673 gems,,2020-08-28
#98UVV0,120,Zeb,Dikle,Donate 1340 gold,145,2020-01-12
#Y2PULV0LV,13,Shelagh,Balentyne,Donate 491 gems,,2020-06-28
#8J8QCGLR,200,Letizia,Arno,Donate 1160 gold,110,2021-07-06
#9ULPU0QL,87,David,Forrington,Donate 218 gems,,2021-05-29
#2YVQQPQJL,29,Biron,Dummer,Donate 390 gold,,2019-05-07
#98LLQYJG,145,Micheline,Franciotti,Donate 666 gems,,2019-08-09
#CC2C8PQ,193,Dewey,Fearnehough,Donate 1225 gold,,2020-12-01
#JUUQ99U0,49,Zilvia,Cobelli,Donate 1013 gems,,2021-05-20
#LGC80RQP,73,Hoyt,Shingfield,Donate 653 gems,,2021-10-11
#8PY0RCUYG,82,Cornall,Meeny,Donate 620 gems,95,2021-09-02
#92YV2YRGR,154,Darill,Yarker,Donate 1222 gold,116,2021-03-01
#P89RY20Q,54,Ernestine,Perrott,Donate 1389 gems,,2021-08-09
#2Y0PV0VYP,175,Wat,Deighan,Donate 236 gold,27,2019-01-30
#29Y8YPVLV,126,Yorke,Prazor,Donate 708 gold,14,2019-04-11
#GQVLJ2U9,66,Trace,Listone,Donate 673 gems,115,2020-02-17
#P29YGR98,115,Dulce,Megarry,Donate 333 gems,107,2021-06-04
#P8YQU9LL2,18,Brit,Primrose,Donate 98 gems,,2019-02-01
#89JV98089,142,Katerina,Snellman,Donate 1250 gems,158,2019-01-30
#2JRYRPL8,24,Hans,Spiers,Donate 820 gems,,2020-10-10
#2RUL98URQ,54,Ernestine,Perrott,Donate 1389 gems,,2020-03-26
#28GG9QJPY,40,Burlie,Larcombe,Donate 353 gold,,2020-04-23
#9CUYY8,100,Ira,Binding,Donate 608 gems,,2020-08-09
#28GUPGY2,155,Wyn,Kyteley,Donate 748 gold,78,2021-08-24
#89PL0YV,8,Wainwright,Sodeau,Donate 1068 gems,,2020-08-04
#928922QG0,11,Lilyan,Gasnell,Donate 427 gold,,2019-08-23
#28GUPV8QG,76,Mattheus,Spinige,Donate 1303 gems,49,2021-06-27
#UP2Q8RR0,127,Misti,Winterbotham,Donate 1176 gems,187,2021-10-11
#LCJ92UQJ,166,Bernadine,Hutchence,Donate 452 gold,174,2019-07-26
